path	category	commit	reason
.gitignore	A	yes	Precisely ignore optional local node_modules
.import-hyperskill.lock	F	no	Ignored machine-local metadata/cache/lock
MAC-HANDOFF.md	B	yes	Mac continuation guide and current architecture
docs/adaptive-handoff-inventory.tsv	B	yes	Complete path classification and staging plan
docs/knowledge-map-adaptive-preview/adaptive.cjs	C	no	Deterministic isolated preview; regenerate using --adaptive-preview
docs/knowledge-map-adaptive-preview/app.js	C	no	Deterministic isolated preview; regenerate using --adaptive-preview
docs/knowledge-map-adaptive-preview/atlas.js	C	no	Deterministic isolated preview; regenerate using --adaptive-preview
docs/knowledge-map-adaptive-preview/global-reference.json	C	no	Deterministic isolated preview; regenerate using --adaptive-preview
docs/knowledge-map-adaptive-preview/index.html	C	no	Deterministic isolated preview; regenerate using --adaptive-preview
docs/knowledge-map-adaptive-preview/labels.js	C	no	Deterministic isolated preview; regenerate using --adaptive-preview
docs/knowledge-map-adaptive-preview/model.json	C	no	Deterministic isolated preview; regenerate using --adaptive-preview
docs/knowledge-map-adaptive-preview/preview-manifest.json	C	no	Deterministic isolated preview; regenerate using --adaptive-preview
docs/knowledge-map-adaptive-preview/registry.cjs	C	no	Deterministic isolated preview; regenerate using --adaptive-preview
docs/knowledge-map-adaptive-preview/style.css	C	no	Deterministic isolated preview; regenerate using --adaptive-preview
docs/knowledge-map-adaptive-preview/ux.js	C	no	Deterministic isolated preview; regenerate using --adaptive-preview
docs/knowledge-map-adaptive-preview/vendor/d3-flextree-2.1.2.cjs	C	no	Deterministic isolated preview; regenerate using --adaptive-preview
docs/knowledge-map-adaptive-preview/vendor/d3-flextree-LICENSE	C	no	Deterministic isolated preview; regenerate using --adaptive-preview
docs/knowledge-map-adaptive-preview/vendor/d3-hierarchy-LICENSE	C	no	Deterministic isolated preview; regenerate using --adaptive-preview
docs/knowledge-map-adaptive-preview/views.cjs	C	no	Deterministic isolated preview; regenerate using --adaptive-preview
java/Simple Chat Bot with Java/.gradle/9.6.1/checksums/checksums.lock	F	no	Ignored machine-local metadata/cache/lock
java/Simple Chat Bot with Java/.gradle/9.6.1/executionHistory/executionHistory.bin	F	no	Ignored machine-local metadata/cache/lock
java/Simple Chat Bot with Java/.gradle/9.6.1/executionHistory/executionHistory.lock	F	no	Ignored machine-local metadata/cache/lock
java/Simple Chat Bot with Java/.gradle/9.6.1/fileChanges/last-build.bin	F	no	Ignored machine-local metadata/cache/lock
java/Simple Chat Bot with Java/.gradle/9.6.1/fileHashes/fileHashes.bin	F	no	Ignored machine-local metadata/cache/lock
java/Simple Chat Bot with Java/.gradle/9.6.1/fileHashes/fileHashes.lock	F	no	Ignored machine-local metadata/cache/lock
java/Simple Chat Bot with Java/.gradle/9.6.1/fileHashes/resourceHashesCache.bin	F	no	Ignored machine-local metadata/cache/lock
java/Simple Chat Bot with Java/.gradle/9.6.1/gc.properties	F	no	Ignored machine-local metadata/cache/lock
java/Simple Chat Bot with Java/.gradle/9.6.1/kotlin-dsl-plugin-entries/kotlin-dsl-plugin-entries.lock	F	no	Ignored machine-local metadata/cache/lock
java/Simple Chat Bot with Java/.gradle/buildOutputCleanup/buildOutputCleanup.lock	F	no	Ignored machine-local metadata/cache/lock
java/Simple Chat Bot with Java/.gradle/buildOutputCleanup/cache.properties	F	no	Ignored machine-local metadata/cache/lock
java/Simple Chat Bot with Java/.gradle/buildOutputCleanup/outputFiles.bin	F	no	Ignored machine-local metadata/cache/lock
java/Simple Chat Bot with Java/.gradle/file-system.probe	F	no	Ignored machine-local metadata/cache/lock
java/Simple Chat Bot with Java/.gradle/vcs-1/gc.properties	F	no	Ignored machine-local metadata/cache/lock
java/Simple Chat Bot with Java/build/classes/java/main/bot/SimpleBot.class	F	no	Ignored machine-local metadata/cache/lock
java/Simple Chat Bot with Java/build/distributions/Simple Chat Bot with Java.tar	F	no	Ignored machine-local metadata/cache/lock
java/Simple Chat Bot with Java/build/distributions/Simple Chat Bot with Java.zip	F	no	Ignored machine-local metadata/cache/lock
java/Simple Chat Bot with Java/build/distributions/simple-chatty-bot.tar	F	no	Ignored machine-local metadata/cache/lock
java/Simple Chat Bot with Java/build/distributions/simple-chatty-bot.zip	F	no	Ignored machine-local metadata/cache/lock
java/Simple Chat Bot with Java/build/libs/Simple Chat Bot with Java.jar	F	no	Ignored machine-local metadata/cache/lock
java/Simple Chat Bot with Java/build/libs/simple-chatty-bot.jar	F	no	Ignored machine-local metadata/cache/lock
java/Simple Chat Bot with Java/build/scripts/Simple Chat Bot with Java	F	no	Ignored machine-local metadata/cache/lock
java/Simple Chat Bot with Java/build/scripts/Simple Chat Bot with Java.bat	F	no	Ignored machine-local metadata/cache/lock
java/Simple Chat Bot with Java/build/tmp/compileJava/previous-compilation-data.bin	F	no	Ignored machine-local metadata/cache/lock
java/Simple Chat Bot with Java/build/tmp/jar/MANIFEST.MF	F	no	Ignored machine-local metadata/cache/lock
prototypes/adaptive-pyramid/DESIGN-VALIDATION.md	B	yes	Current prototype, vendored dependency, focused tests and linked evidence
prototypes/adaptive-pyramid/INTEGRATION-VALIDATION.md	B	yes	Current prototype, vendored dependency, focused tests and linked evidence
prototypes/adaptive-pyramid/LAYOUT-REFINEMENT-VALIDATION.md	B	yes	Current prototype, vendored dependency, focused tests and linked evidence
prototypes/adaptive-pyramid/README.md	B	yes	Current prototype, vendored dependency, focused tests and linked evidence
prototypes/adaptive-pyramid/app.js	A	yes	Current prototype, vendored dependency, focused tests and linked evidence
prototypes/adaptive-pyramid/core.cjs	A	yes	Current prototype, vendored dependency, focused tests and linked evidence
prototypes/adaptive-pyramid/index.html	A	yes	Current prototype, vendored dependency, focused tests and linked evidence
prototypes/adaptive-pyramid/integration-tests/accepted-compact-group.png	B	yes	Current prototype, vendored dependency, focused tests and linked evidence
prototypes/adaptive-pyramid/integration-tests/accepted-compact.png	B	yes	Current prototype, vendored dependency, focused tests and linked evidence
prototypes/adaptive-pyramid/integration-tests/accepted-highlight.png	B	yes	Current prototype, vendored dependency, focused tests and linked evidence
prototypes/adaptive-pyramid/integration-tests/accepted-strict-group.png	B	yes	Current prototype, vendored dependency, focused tests and linked evidence
prototypes/adaptive-pyramid/integration-tests/accepted-strict.png	B	yes	Current prototype, vendored dependency, focused tests and linked evidence
prototypes/adaptive-pyramid/integration-tests/broad-summary.png	B	yes	Current prototype, vendored dependency, focused tests and linked evidence
prototypes/adaptive-pyramid/integration-tests/broad.png	B	yes	Current prototype, vendored dependency, focused tests and linked evidence
prototypes/adaptive-pyramid/integration-tests/browser-console.txt	B	yes	Current prototype, vendored dependency, focused tests and linked evidence
prototypes/adaptive-pyramid/integration-tests/browser-results.json	B	yes	Current prototype, vendored dependency, focused tests and linked evidence
prototypes/adaptive-pyramid/integration-tests/browser.cjs	A	yes	Current prototype, vendored dependency, focused tests and linked evidence
prototypes/adaptive-pyramid/integration-tests/build.py	A	yes	Current prototype, vendored dependency, focused tests and linked evidence
prototypes/adaptive-pyramid/integration-tests/core-console.txt	B	yes	Current prototype, vendored dependency, focused tests and linked evidence
prototypes/adaptive-pyramid/integration-tests/core-results.json	B	yes	Current prototype, vendored dependency, focused tests and linked evidence
prototypes/adaptive-pyramid/integration-tests/core.cjs	A	yes	Current prototype, vendored dependency, focused tests and linked evidence
prototypes/adaptive-pyramid/integration-tests/course8-compact-group.png	B	yes	Current prototype, vendored dependency, focused tests and linked evidence
prototypes/adaptive-pyramid/integration-tests/course8-compact.png	B	yes	Current prototype, vendored dependency, focused tests and linked evidence
prototypes/adaptive-pyramid/integration-tests/course8-highlight.png	B	yes	Current prototype, vendored dependency, focused tests and linked evidence
prototypes/adaptive-pyramid/integration-tests/course8-learned.png	B	yes	Current prototype, vendored dependency, focused tests and linked evidence
prototypes/adaptive-pyramid/integration-tests/course8-strict-group.png	B	yes	Current prototype, vendored dependency, focused tests and linked evidence
prototypes/adaptive-pyramid/integration-tests/course8-strict.png	B	yes	Current prototype, vendored dependency, focused tests and linked evidence
prototypes/adaptive-pyramid/integration-tests/files-changed.json	B	yes	Current prototype, vendored dependency, focused tests and linked evidence
prototypes/adaptive-pyramid/integration-tests/global-complete.png	B	yes	Current prototype, vendored dependency, focused tests and linked evidence
prototypes/adaptive-pyramid/integration-tests/global-reference333.png	B	yes	Current prototype, vendored dependency, focused tests and linked evidence
prototypes/adaptive-pyramid/integration-tests/integrity-results.json	B	yes	Current prototype, vendored dependency, focused tests and linked evidence
prototypes/adaptive-pyramid/integration-tests/learning-addition.png	B	yes	Current prototype, vendored dependency, focused tests and linked evidence
prototypes/adaptive-pyramid/integration-tests/load-100-summary.png	B	yes	Current prototype, vendored dependency, focused tests and linked evidence
prototypes/adaptive-pyramid/integration-tests/load-100.png	B	yes	Current prototype, vendored dependency, focused tests and linked evidence
prototypes/adaptive-pyramid/integration-tests/load-1000-summary.png	B	yes	Current prototype, vendored dependency, focused tests and linked evidence
prototypes/adaptive-pyramid/integration-tests/load-1000.png	B	yes	Current prototype, vendored dependency, focused tests and linked evidence
prototypes/adaptive-pyramid/integration-tests/load-300-summary.png	B	yes	Current prototype, vendored dependency, focused tests and linked evidence
prototypes/adaptive-pyramid/integration-tests/load-300.png	B	yes	Current prototype, vendored dependency, focused tests and linked evidence
prototypes/adaptive-pyramid/integration-tests/my-compact-group.png	B	yes	Current prototype, vendored dependency, focused tests and linked evidence
prototypes/adaptive-pyramid/integration-tests/my-compact.png	B	yes	Current prototype, vendored dependency, focused tests and linked evidence
prototypes/adaptive-pyramid/integration-tests/my-highlight.png	B	yes	Current prototype, vendored dependency, focused tests and linked evidence
prototypes/adaptive-pyramid/integration-tests/my-strict-group.png	B	yes	Current prototype, vendored dependency, focused tests and linked evidence
prototypes/adaptive-pyramid/integration-tests/my-strict.png	B	yes	Current prototype, vendored dependency, focused tests and linked evidence
prototypes/adaptive-pyramid/integration-tests/my-topic36.png	B	yes	Current prototype, vendored dependency, focused tests and linked evidence
prototypes/adaptive-pyramid/integration-tests/project-group.png	B	yes	Current prototype, vendored dependency, focused tests and linked evidence
prototypes/adaptive-pyramid/integration-tests/project113-compact-group.png	B	yes	Current prototype, vendored dependency, focused tests and linked evidence
prototypes/adaptive-pyramid/integration-tests/project113-compact.png	B	yes	Current prototype, vendored dependency, focused tests and linked evidence
prototypes/adaptive-pyramid/integration-tests/project113-highlight.png	B	yes	Current prototype, vendored dependency, focused tests and linked evidence
prototypes/adaptive-pyramid/integration-tests/project113-strict-group.png	B	yes	Current prototype, vendored dependency, focused tests and linked evidence
prototypes/adaptive-pyramid/integration-tests/project113-strict.png	B	yes	Current prototype, vendored dependency, focused tests and linked evidence
prototypes/adaptive-pyramid/integration-tests/stage617-compact-group.png	B	yes	Current prototype, vendored dependency, focused tests and linked evidence
prototypes/adaptive-pyramid/integration-tests/stage617-compact.png	B	yes	Current prototype, vendored dependency, focused tests and linked evidence
prototypes/adaptive-pyramid/integration-tests/stage617-highlight.png	B	yes	Current prototype, vendored dependency, focused tests and linked evidence
prototypes/adaptive-pyramid/integration-tests/stage617-strict-group.png	B	yes	Current prototype, vendored dependency, focused tests and linked evidence
prototypes/adaptive-pyramid/integration-tests/stage617-strict.png	B	yes	Current prototype, vendored dependency, focused tests and linked evidence
prototypes/adaptive-pyramid/integration-tests/task-start.json	B	yes	Current prototype, vendored dependency, focused tests and linked evidence
prototypes/adaptive-pyramid/integration-tests/unknown.png	B	yes	Current prototype, vendored dependency, focused tests and linked evidence
prototypes/adaptive-pyramid/layout-refinement-tests/baseline.json	B	yes	Current prototype, vendored dependency, focused tests and linked evidence
prototypes/adaptive-pyramid/layout-refinement-tests/browser-console.txt	B	yes	Current prototype, vendored dependency, focused tests and linked evidence
prototypes/adaptive-pyramid/layout-refinement-tests/browser-results.json	B	yes	Current prototype, vendored dependency, focused tests and linked evidence
prototypes/adaptive-pyramid/layout-refinement-tests/browser.cjs	A	yes	Current prototype, vendored dependency, focused tests and linked evidence
prototypes/adaptive-pyramid/layout-refinement-tests/integrity-results.json	B	yes	Current prototype, vendored dependency, focused tests and linked evidence
prototypes/adaptive-pyramid/layout-refinement-tests/integrity.py	A	yes	Current prototype, vendored dependency, focused tests and linked evidence
prototypes/adaptive-pyramid/layout-refinement-tests/invariants.cjs	A	yes	Current prototype, vendored dependency, focused tests and linked evidence
prototypes/adaptive-pyramid/layout-refinement-tests/java-focus.png	B	yes	Current prototype, vendored dependency, focused tests and linked evidence
prototypes/adaptive-pyramid/layout-refinement-tests/layout-console.txt	B	yes	Current prototype, vendored dependency, focused tests and linked evidence
prototypes/adaptive-pyramid/layout-refinement-tests/layout-results.json	B	yes	Current prototype, vendored dependency, focused tests and linked evidence
prototypes/adaptive-pyramid/layout-refinement-tests/layout.cjs	A	yes	Current prototype, vendored dependency, focused tests and linked evidence
prototypes/adaptive-pyramid/layout-refinement-tests/my-knowledge.png	B	yes	Current prototype, vendored dependency, focused tests and linked evidence
prototypes/adaptive-pyramid/layout-refinement-tests/project113.png	B	yes	Current prototype, vendored dependency, focused tests and linked evidence
prototypes/adaptive-pyramid/layout-refinement-tests/smoke.cjs	A	yes	Focused current adaptive browser smoke
prototypes/adaptive-pyramid/layout-refinement-tests/stage617.png	B	yes	Current prototype, vendored dependency, focused tests and linked evidence
prototypes/adaptive-pyramid/layout-refinement-tests/topic-group.png	B	yes	Current prototype, vendored dependency, focused tests and linked evidence
prototypes/adaptive-pyramid/style.css	A	yes	Current prototype, vendored dependency, focused tests and linked evidence
prototypes/adaptive-pyramid/tests/accepted.png	B	yes	Current prototype, vendored dependency, focused tests and linked evidence
prototypes/adaptive-pyramid/tests/atlas-project-highlight.png	B	yes	Current prototype, vendored dependency, focused tests and linked evidence
prototypes/adaptive-pyramid/tests/atlas-reference-333.png	B	yes	Current prototype, vendored dependency, focused tests and linked evidence
prototypes/adaptive-pyramid/tests/atlas-topic-78.png	B	yes	Current prototype, vendored dependency, focused tests and linked evidence
prototypes/adaptive-pyramid/tests/browser-console.txt	B	yes	Current prototype, vendored dependency, focused tests and linked evidence
prototypes/adaptive-pyramid/tests/browser-results.json	B	yes	Current prototype, vendored dependency, focused tests and linked evidence
prototypes/adaptive-pyramid/tests/browser.cjs	A	yes	Current prototype, vendored dependency, focused tests and linked evidence
prototypes/adaptive-pyramid/tests/collisions.cjs	A	yes	Current prototype, vendored dependency, focused tests and linked evidence
prototypes/adaptive-pyramid/tests/core-console.txt	B	yes	Current prototype, vendored dependency, focused tests and linked evidence
prototypes/adaptive-pyramid/tests/core-results.json	B	yes	Current prototype, vendored dependency, focused tests and linked evidence
prototypes/adaptive-pyramid/tests/core.cjs	A	yes	Current prototype, vendored dependency, focused tests and linked evidence
prototypes/adaptive-pyramid/tests/course-8-learned.png	B	yes	Current prototype, vendored dependency, focused tests and linked evidence
prototypes/adaptive-pyramid/tests/course-8.png	B	yes	Current prototype, vendored dependency, focused tests and linked evidence
prototypes/adaptive-pyramid/tests/full-expanded.png	B	yes	Current prototype, vendored dependency, focused tests and linked evidence
prototypes/adaptive-pyramid/tests/full-opened.png	B	yes	Current prototype, vendored dependency, focused tests and linked evidence
prototypes/adaptive-pyramid/tests/full-summarized.png	B	yes	Current prototype, vendored dependency, focused tests and linked evidence
prototypes/adaptive-pyramid/tests/growth-branch-0.png	B	yes	Current prototype, vendored dependency, focused tests and linked evidence
prototypes/adaptive-pyramid/tests/growth-branch-3.png	B	yes	Current prototype, vendored dependency, focused tests and linked evidence
prototypes/adaptive-pyramid/tests/growth-wide-0.png	B	yes	Current prototype, vendored dependency, focused tests and linked evidence
prototypes/adaptive-pyramid/tests/growth-wide-3.png	B	yes	Current prototype, vendored dependency, focused tests and linked evidence
prototypes/adaptive-pyramid/tests/integrity-results.json	B	yes	Current prototype, vendored dependency, focused tests and linked evidence
prototypes/adaptive-pyramid/tests/integrity.py	A	yes	Current prototype, vendored dependency, focused tests and linked evidence
prototypes/adaptive-pyramid/tests/load-1000-expanded.png	B	yes	Current prototype, vendored dependency, focused tests and linked evidence
prototypes/adaptive-pyramid/tests/load-1000-opened.png	B	yes	Current prototype, vendored dependency, focused tests and linked evidence
prototypes/adaptive-pyramid/tests/load-1000-summarized.png	B	yes	Current prototype, vendored dependency, focused tests and linked evidence
prototypes/adaptive-pyramid/tests/load-300-expanded.png	B	yes	Current prototype, vendored dependency, focused tests and linked evidence
prototypes/adaptive-pyramid/tests/load-300-opened.png	B	yes	Current prototype, vendored dependency, focused tests and linked evidence
prototypes/adaptive-pyramid/tests/load-300-summarized.png	B	yes	Current prototype, vendored dependency, focused tests and linked evidence
prototypes/adaptive-pyramid/tests/my-compact.png	B	yes	Current prototype, vendored dependency, focused tests and linked evidence
prototypes/adaptive-pyramid/tests/my-global-mask.png	B	yes	Current prototype, vendored dependency, focused tests and linked evidence
prototypes/adaptive-pyramid/tests/my-topic-group.png	B	yes	Current prototype, vendored dependency, focused tests and linked evidence
prototypes/adaptive-pyramid/tests/navigation-results.json	B	yes	Current prototype, vendored dependency, focused tests and linked evidence
prototypes/adaptive-pyramid/tests/navigation.cjs	A	yes	Current prototype, vendored dependency, focused tests and linked evidence
prototypes/adaptive-pyramid/tests/project-113.png	B	yes	Current prototype, vendored dependency, focused tests and linked evidence
prototypes/adaptive-pyramid/tests/project-topic-group.png	B	yes	Current prototype, vendored dependency, focused tests and linked evidence
prototypes/adaptive-pyramid/tests/project-unknown.png	B	yes	Current prototype, vendored dependency, focused tests and linked evidence
prototypes/adaptive-pyramid/tests/stage-617.png	B	yes	Current prototype, vendored dependency, focused tests and linked evidence
prototypes/adaptive-pyramid/tests/task-start.json	B	yes	Current prototype, vendored dependency, focused tests and linked evidence
prototypes/adaptive-pyramid/vendor/README.md	B	yes	Current prototype, vendored dependency, focused tests and linked evidence
prototypes/adaptive-pyramid/vendor/d3-flextree-2.1.2.cjs	A	yes	Current prototype, vendored dependency, focused tests and linked evidence
prototypes/adaptive-pyramid/vendor/d3-flextree-LICENSE	B	yes	Current prototype, vendored dependency, focused tests and linked evidence
prototypes/adaptive-pyramid/vendor/d3-hierarchy-LICENSE	B	yes	Current prototype, vendored dependency, focused tests and linked evidence
prototypes/global-pyramid/DESIGN-VALIDATION.md	B	yes	Global reference, frozen geometry input, source/tests and referenced architectural evidence
prototypes/global-pyramid/DURABLE-AUTHORITY-VALIDATION.md	B	yes	Global reference, frozen geometry input, source/tests and referenced architectural evidence
prototypes/global-pyramid/FINAL-MIGRATION-REVIEW.md	B	yes	Global reference, frozen geometry input, source/tests and referenced architectural evidence
prototypes/global-pyramid/FINAL-UX-VALIDATION.md	B	yes	Global reference, frozen geometry input, source/tests and referenced architectural evidence
prototypes/global-pyramid/FIVE-ROOT-MIGRATION-REVIEW.md	B	yes	Global reference, frozen geometry input, source/tests and referenced architectural evidence
prototypes/global-pyramid/MIGRATION-APPROVAL-VALIDATION.md	B	yes	Global reference, frozen geometry input, source/tests and referenced architectural evidence
prototypes/global-pyramid/MIGRATION-PREVIEW-VALIDATION.md	B	yes	Global reference, frozen geometry input, source/tests and referenced architectural evidence
prototypes/global-pyramid/README.md	B	yes	Global reference, frozen geometry input, source/tests and referenced architectural evidence
prototypes/global-pyramid/REAL-APPLY-ENABLEMENT-VALIDATION.md	B	yes	Global reference, frozen geometry input, source/tests and referenced architectural evidence
prototypes/global-pyramid/REAL-MIGRATION-VALIDATION.md	B	yes	Global reference, frozen geometry input, source/tests and referenced architectural evidence
prototypes/global-pyramid/ROOT-LAYOUT-VALIDATION.md	B	yes	Global reference, frozen geometry input, source/tests and referenced architectural evidence
prototypes/global-pyramid/UX-VALIDATION.md	B	yes	Global reference, frozen geometry input, source/tests and referenced architectural evidence
prototypes/global-pyramid/app.js	A	yes	Global reference, frozen geometry input, source/tests and referenced architectural evidence
prototypes/global-pyramid/atlas.js	A	yes	Global reference, frozen geometry input, source/tests and referenced architectural evidence
prototypes/global-pyramid/build.py	A	yes	Global reference, frozen geometry input, source/tests and referenced architectural evidence
prototypes/global-pyramid/durable-authority/PLAN.md	D	yes	Global reference, frozen geometry input, source/tests and referenced architectural evidence
prototypes/global-pyramid/durable-authority/README.md	D	yes	Global reference, frozen geometry input, source/tests and referenced architectural evidence
prototypes/global-pyramid/durable-authority/tests/1024-course-8.png	D	yes	Global reference, frozen geometry input, source/tests and referenced architectural evidence
prototypes/global-pyramid/durable-authority/tests/1024-deep-topic.png	D	yes	Global reference, frozen geometry input, source/tests and referenced architectural evidence
prototypes/global-pyramid/durable-authority/tests/1024-my-atlas.png	D	yes	Global reference, frozen geometry input, source/tests and referenced architectural evidence
prototypes/global-pyramid/durable-authority/tests/1024-navigation.png	D	yes	Global reference, frozen geometry input, source/tests and referenced architectural evidence
prototypes/global-pyramid/durable-authority/tests/1024-project-113.png	D	yes	Global reference, frozen geometry input, source/tests and referenced architectural evidence
prototypes/global-pyramid/durable-authority/tests/1024-relations.png	D	yes	Global reference, frozen geometry input, source/tests and referenced architectural evidence
prototypes/global-pyramid/durable-authority/tests/1024-revealed-333.png	D	yes	Global reference, frozen geometry input, source/tests and referenced architectural evidence
prototypes/global-pyramid/durable-authority/tests/1024-stage-617.png	D	yes	Global reference, frozen geometry input, source/tests and referenced architectural evidence
prototypes/global-pyramid/durable-authority/tests/1440-course-8.png	D	yes	Global reference, frozen geometry input, source/tests and referenced architectural evidence
prototypes/global-pyramid/durable-authority/tests/1440-deep-topic.png	D	yes	Global reference, frozen geometry input, source/tests and referenced architectural evidence
prototypes/global-pyramid/durable-authority/tests/1440-my-atlas.png	D	yes	Global reference, frozen geometry input, source/tests and referenced architectural evidence
prototypes/global-pyramid/durable-authority/tests/1440-navigation.png	D	yes	Global reference, frozen geometry input, source/tests and referenced architectural evidence
prototypes/global-pyramid/durable-authority/tests/1440-project-113.png	D	yes	Global reference, frozen geometry input, source/tests and referenced architectural evidence
prototypes/global-pyramid/durable-authority/tests/1440-relations.png	D	yes	Global reference, frozen geometry input, source/tests and referenced architectural evidence
prototypes/global-pyramid/durable-authority/tests/1440-reveal-review.png	D	yes	Global reference, frozen geometry input, source/tests and referenced architectural evidence
prototypes/global-pyramid/durable-authority/tests/1440-revealed-333.png	D	yes	Global reference, frozen geometry input, source/tests and referenced architectural evidence
prototypes/global-pyramid/durable-authority/tests/1440-stage-617.png	D	yes	Global reference, frozen geometry input, source/tests and referenced architectural evidence
prototypes/global-pyramid/durable-authority/tests/1920-course-8.png	D	yes	Global reference, frozen geometry input, source/tests and referenced architectural evidence
prototypes/global-pyramid/durable-authority/tests/1920-deep-topic.png	D	yes	Global reference, frozen geometry input, source/tests and referenced architectural evidence
prototypes/global-pyramid/durable-authority/tests/1920-my-atlas.png	D	yes	Global reference, frozen geometry input, source/tests and referenced architectural evidence
prototypes/global-pyramid/durable-authority/tests/1920-navigation.png	D	yes	Global reference, frozen geometry input, source/tests and referenced architectural evidence
prototypes/global-pyramid/durable-authority/tests/1920-project-113.png	D	yes	Global reference, frozen geometry input, source/tests and referenced architectural evidence
prototypes/global-pyramid/durable-authority/tests/1920-relations.png	D	yes	Global reference, frozen geometry input, source/tests and referenced architectural evidence
prototypes/global-pyramid/durable-authority/tests/1920-revealed-333.png	D	yes	Global reference, frozen geometry input, source/tests and referenced architectural evidence
prototypes/global-pyramid/durable-authority/tests/1920-stage-617.png	D	yes	Global reference, frozen geometry input, source/tests and referenced architectural evidence
prototypes/global-pyramid/durable-authority/tests/approval-regression.txt	D	yes	Global reference, frozen geometry input, source/tests and referenced architectural evidence
prototypes/global-pyramid/durable-authority/tests/atlas-regression.txt	D	yes	Global reference, frozen geometry input, source/tests and referenced architectural evidence
prototypes/global-pyramid/durable-authority/tests/baseline.json	D	yes	Global reference, frozen geometry input, source/tests and referenced architectural evidence
prototypes/global-pyramid/durable-authority/tests/browser-results.json	D	yes	Global reference, frozen geometry input, source/tests and referenced architectural evidence
prototypes/global-pyramid/durable-authority/tests/browser.cjs	D	yes	Global reference, frozen geometry input, source/tests and referenced architectural evidence
prototypes/global-pyramid/durable-authority/tests/changed-files.json	D	yes	Global reference, frozen geometry input, source/tests and referenced architectural evidence
prototypes/global-pyramid/durable-authority/tests/crash.py	D	yes	Global reference, frozen geometry input, source/tests and referenced architectural evidence
prototypes/global-pyramid/durable-authority/tests/deterministic-reveal.txt	D	yes	Global reference, frozen geometry input, source/tests and referenced architectural evidence
prototypes/global-pyramid/durable-authority/tests/e2e-results.json	D	yes	Global reference, frozen geometry input, source/tests and referenced architectural evidence
prototypes/global-pyramid/durable-authority/tests/final-test-console.txt	D	yes	Global reference, frozen geometry input, source/tests and referenced architectural evidence
prototypes/global-pyramid/durable-authority/tests/legacy-check.json	D	yes	Global reference, frozen geometry input, source/tests and referenced architectural evidence
prototypes/global-pyramid/durable-authority/tests/legacy-dry-run.json	D	yes	Global reference, frozen geometry input, source/tests and referenced architectural evidence
prototypes/global-pyramid/durable-authority/tests/performance.json	D	yes	Global reference, frozen geometry input, source/tests and referenced architectural evidence
prototypes/global-pyramid/durable-authority/tests/protected-integrity.json	D	yes	Global reference, frozen geometry input, source/tests and referenced architectural evidence
prototypes/global-pyramid/durable-authority/tests/pyramid-regression.txt	D	yes	Global reference, frozen geometry input, source/tests and referenced architectural evidence
prototypes/global-pyramid/durable-authority/tests/recovery-results.json	D	yes	Global reference, frozen geometry input, source/tests and referenced architectural evidence
prototypes/global-pyramid/durable-authority/tests/stable-test-console.txt	D	yes	Global reference, frozen geometry input, source/tests and referenced architectural evidence
prototypes/global-pyramid/durable-authority/tests/test-console.txt	D	yes	Global reference, frozen geometry input, source/tests and referenced architectural evidence
prototypes/global-pyramid/durable-authority/tests/test_durable.py	D	yes	Global reference, frozen geometry input, source/tests and referenced architectural evidence
prototypes/global-pyramid/generated/catalog.json	C	yes	Global reference, frozen geometry input, source/tests and referenced architectural evidence
prototypes/global-pyramid/generated/global-geometry.json	C	yes	Global reference, frozen geometry input, source/tests and referenced architectural evidence
prototypes/global-pyramid/index.html	A	yes	Global reference, frozen geometry input, source/tests and referenced architectural evidence
prototypes/global-pyramid/labels.js	A	yes	Global reference, frozen geometry input, source/tests and referenced architectural evidence
prototypes/global-pyramid/migration-preview/PLAN.md	D	yes	Global reference, frozen geometry input, source/tests and referenced architectural evidence
prototypes/global-pyramid/migration-preview/README.md	D	yes	Global reference, frozen geometry input, source/tests and referenced architectural evidence
prototypes/global-pyramid/migration-preview/TRANSACTION-DESIGN.md	D	yes	Global reference, frozen geometry input, source/tests and referenced architectural evidence
prototypes/global-pyramid/migration-preview/build.py	D	yes	Global reference, frozen geometry input, source/tests and referenced architectural evidence
prototypes/global-pyramid/migration-preview/current-geometry.json	D	yes	Global reference, frozen geometry input, source/tests and referenced architectural evidence
prototypes/global-pyramid/migration-preview/geometry-comparison.json	D	yes	Global reference, frozen geometry input, source/tests and referenced architectural evidence
prototypes/global-pyramid/migration-preview/migration-diff.json	D	yes	Global reference, frozen geometry input, source/tests and referenced architectural evidence
prototypes/global-pyramid/migration-preview/migration-manifest.json	D	yes	Global reference, frozen geometry input, source/tests and referenced architectural evidence
prototypes/global-pyramid/migration-preview/migration-metrics.json	D	yes	Global reference, frozen geometry input, source/tests and referenced architectural evidence
prototypes/global-pyramid/migration-preview/semantic-snapshot.json	D	yes	Global reference, frozen geometry input, source/tests and referenced architectural evidence
prototypes/global-pyramid/migration-preview/target-geometry.json	D	yes	Global reference, frozen geometry input, source/tests and referenced architectural evidence
prototypes/global-pyramid/migration-preview/tests/1024-bounds-minimap.png	D	yes	Global reference, frozen geometry input, source/tests and referenced architectural evidence
prototypes/global-pyramid/migration-preview/tests/1024-current-overview.png	D	yes	Global reference, frozen geometry input, source/tests and referenced architectural evidence
prototypes/global-pyramid/migration-preview/tests/1024-deep-topic.png	D	yes	Global reference, frozen geometry input, source/tests and referenced architectural evidence
prototypes/global-pyramid/migration-preview/tests/1024-java.png	D	yes	Global reference, frozen geometry input, source/tests and referenced architectural evidence
prototypes/global-pyramid/migration-preview/tests/1024-largest-category.png	D	yes	Global reference, frozen geometry input, source/tests and referenced architectural evidence
prototypes/global-pyramid/migration-preview/tests/1024-largest-topic.png	D	yes	Global reference, frozen geometry input, source/tests and referenced architectural evidence
prototypes/global-pyramid/migration-preview/tests/1024-my-atlas.png	D	yes	Global reference, frozen geometry input, source/tests and referenced architectural evidence
prototypes/global-pyramid/migration-preview/tests/1024-project-113.png	D	yes	Global reference, frozen geometry input, source/tests and referenced architectural evidence
prototypes/global-pyramid/migration-preview/tests/1024-selected-vector.png	D	yes	Global reference, frozen geometry input, source/tests and referenced architectural evidence
prototypes/global-pyramid/migration-preview/tests/1024-split-overview.png	D	yes	Global reference, frozen geometry input, source/tests and referenced architectural evidence
prototypes/global-pyramid/migration-preview/tests/1024-stage-617.png	D	yes	Global reference, frozen geometry input, source/tests and referenced architectural evidence
prototypes/global-pyramid/migration-preview/tests/1024-target-overview.png	D	yes	Global reference, frozen geometry input, source/tests and referenced architectural evidence
prototypes/global-pyramid/migration-preview/tests/1440-bounds-minimap.png	D	yes	Global reference, frozen geometry input, source/tests and referenced architectural evidence
prototypes/global-pyramid/migration-preview/tests/1440-current-overview.png	D	yes	Global reference, frozen geometry input, source/tests and referenced architectural evidence
prototypes/global-pyramid/migration-preview/tests/1440-deep-topic.png	D	yes	Global reference, frozen geometry input, source/tests and referenced architectural evidence
prototypes/global-pyramid/migration-preview/tests/1440-java.png	D	yes	Global reference, frozen geometry input, source/tests and referenced architectural evidence
prototypes/global-pyramid/migration-preview/tests/1440-largest-category.png	D	yes	Global reference, frozen geometry input, source/tests and referenced architectural evidence
prototypes/global-pyramid/migration-preview/tests/1440-largest-topic.png	D	yes	Global reference, frozen geometry input, source/tests and referenced architectural evidence
prototypes/global-pyramid/migration-preview/tests/1440-my-atlas.png	D	yes	Global reference, frozen geometry input, source/tests and referenced architectural evidence
prototypes/global-pyramid/migration-preview/tests/1440-project-113.png	D	yes	Global reference, frozen geometry input, source/tests and referenced architectural evidence
prototypes/global-pyramid/migration-preview/tests/1440-selected-vector.png	D	yes	Global reference, frozen geometry input, source/tests and referenced architectural evidence
prototypes/global-pyramid/migration-preview/tests/1440-split-overview.png	D	yes	Global reference, frozen geometry input, source/tests and referenced architectural evidence
prototypes/global-pyramid/migration-preview/tests/1440-stage-617.png	D	yes	Global reference, frozen geometry input, source/tests and referenced architectural evidence
prototypes/global-pyramid/migration-preview/tests/1440-target-overview.png	D	yes	Global reference, frozen geometry input, source/tests and referenced architectural evidence
prototypes/global-pyramid/migration-preview/tests/1920-bounds-minimap.png	D	yes	Global reference, frozen geometry input, source/tests and referenced architectural evidence
prototypes/global-pyramid/migration-preview/tests/1920-current-overview.png	D	yes	Global reference, frozen geometry input, source/tests and referenced architectural evidence
prototypes/global-pyramid/migration-preview/tests/1920-deep-topic.png	D	yes	Global reference, frozen geometry input, source/tests and referenced architectural evidence
prototypes/global-pyramid/migration-preview/tests/1920-java.png	D	yes	Global reference, frozen geometry input, source/tests and referenced architectural evidence
prototypes/global-pyramid/migration-preview/tests/1920-largest-category.png	D	yes	Global reference, frozen geometry input, source/tests and referenced architectural evidence
prototypes/global-pyramid/migration-preview/tests/1920-largest-topic.png	D	yes	Global reference, frozen geometry input, source/tests and referenced architectural evidence
prototypes/global-pyramid/migration-preview/tests/1920-my-atlas.png	D	yes	Global reference, frozen geometry input, source/tests and referenced architectural evidence
prototypes/global-pyramid/migration-preview/tests/1920-project-113.png	D	yes	Global reference, frozen geometry input, source/tests and referenced architectural evidence
prototypes/global-pyramid/migration-preview/tests/1920-selected-vector.png	D	yes	Global reference, frozen geometry input, source/tests and referenced architectural evidence
prototypes/global-pyramid/migration-preview/tests/1920-split-overview.png	D	yes	Global reference, frozen geometry input, source/tests and referenced architectural evidence
prototypes/global-pyramid/migration-preview/tests/1920-stage-617.png	D	yes	Global reference, frozen geometry input, source/tests and referenced architectural evidence
prototypes/global-pyramid/migration-preview/tests/1920-target-overview.png	D	yes	Global reference, frozen geometry input, source/tests and referenced architectural evidence
prototypes/global-pyramid/migration-preview/tests/artifact-check.json	D	yes	Global reference, frozen geometry input, source/tests and referenced architectural evidence
prototypes/global-pyramid/migration-preview/tests/baseline.json	D	yes	Global reference, frozen geometry input, source/tests and referenced architectural evidence
prototypes/global-pyramid/migration-preview/tests/browser-console.txt	D	yes	Global reference, frozen geometry input, source/tests and referenced architectural evidence
prototypes/global-pyramid/migration-preview/tests/browser-results.json	D	yes	Global reference, frozen geometry input, source/tests and referenced architectural evidence
prototypes/global-pyramid/migration-preview/tests/browser.cjs	D	yes	Global reference, frozen geometry input, source/tests and referenced architectural evidence
prototypes/global-pyramid/migration-preview/tests/build-performance.json	D	yes	Global reference, frozen geometry input, source/tests and referenced architectural evidence
prototypes/global-pyramid/migration-preview/tests/canonical-regression.txt	D	yes	Global reference, frozen geometry input, source/tests and referenced architectural evidence
prototypes/global-pyramid/migration-preview/tests/files.json	D	yes	Global reference, frozen geometry input, source/tests and referenced architectural evidence
prototypes/global-pyramid/migration-preview/tests/future-reveal.json	D	yes	Global reference, frozen geometry input, source/tests and referenced architectural evidence
prototypes/global-pyramid/migration-preview/tests/integrity.json	D	yes	Global reference, frozen geometry input, source/tests and referenced architectural evidence
prototypes/global-pyramid/migration-preview/tests/production-browser-console.txt	D	yes	Global reference, frozen geometry input, source/tests and referenced architectural evidence
prototypes/global-pyramid/migration-preview/tests/production-browser-input.json	D	yes	Global reference, frozen geometry input, source/tests and referenced architectural evidence
prototypes/global-pyramid/migration-preview/tests/production-browser-results.json	D	yes	Global reference, frozen geometry input, source/tests and referenced architectural evidence
prototypes/global-pyramid/migration-preview/tests/production-check.txt	D	yes	Global reference, frozen geometry input, source/tests and referenced architectural evidence
prototypes/global-pyramid/migration-preview/tests/production-regression.txt	D	yes	Global reference, frozen geometry input, source/tests and referenced architectural evidence
prototypes/global-pyramid/migration-preview/tests/production-screenshots/1440-light-overview.png	D	yes	Global reference, frozen geometry input, source/tests and referenced architectural evidence
prototypes/global-pyramid/migration-preview/tests/production-screenshots/1920-dark-overview.png	D	yes	Global reference, frozen geometry input, source/tests and referenced architectural evidence
prototypes/global-pyramid/migration-preview/tests/production-screenshots/390-dark-overview.png	D	yes	Global reference, frozen geometry input, source/tests and referenced architectural evidence
prototypes/global-pyramid/migration-preview/tests/test-console.txt	D	yes	Global reference, frozen geometry input, source/tests and referenced architectural evidence
prototypes/global-pyramid/migration-preview/tests/test_preview.py	D	yes	Global reference, frozen geometry input, source/tests and referenced architectural evidence
prototypes/global-pyramid/migration-preview/view/app.js	D	yes	Global reference, frozen geometry input, source/tests and referenced architectural evidence
prototypes/global-pyramid/migration-preview/view/index.html	D	yes	Global reference, frozen geometry input, source/tests and referenced architectural evidence
prototypes/global-pyramid/migration-preview/view/style.css	D	yes	Global reference, frozen geometry input, source/tests and referenced architectural evidence
prototypes/global-pyramid/migration-review/PLAN.md	D	yes	Global reference, frozen geometry input, source/tests and referenced architectural evidence
prototypes/global-pyramid/migration-review/README.md	D	yes	Global reference, frozen geometry input, source/tests and referenced architectural evidence
prototypes/global-pyramid/migration-review/final-v4-validation/browser-smoke.cjs	D	yes	Global reference, frozen geometry input, source/tests and referenced architectural evidence
prototypes/global-pyramid/migration-review/final-v4-validation/browser-smoke.json	D	yes	Global reference, frozen geometry input, source/tests and referenced architectural evidence
prototypes/global-pyramid/migration-review/final-v4-validation/final-safety.json	D	yes	Global reference, frozen geometry input, source/tests and referenced architectural evidence
prototypes/global-pyramid/migration-review/final-v4-validation/generation.json	D	yes	Global reference, frozen geometry input, source/tests and referenced architectural evidence
prototypes/global-pyramid/migration-review/final-v4-validation/git-before.txt	D	yes	Global reference, frozen geometry input, source/tests and referenced architectural evidence
prototypes/global-pyramid/migration-review/final-v4-validation/legacy-check.json	D	yes	Global reference, frozen geometry input, source/tests and referenced architectural evidence
prototypes/global-pyramid/migration-review/final-v4-validation/old-package-results.json	D	yes	Global reference, frozen geometry input, source/tests and referenced architectural evidence
prototypes/global-pyramid/migration-review/final-v4-validation/preflight.json	D	yes	Global reference, frozen geometry input, source/tests and referenced architectural evidence
prototypes/global-pyramid/migration-review/final-v4-validation/protected-after.json	D	yes	Global reference, frozen geometry input, source/tests and referenced architectural evidence
prototypes/global-pyramid/migration-review/final-v4-validation/protected-before.json	D	yes	Global reference, frozen geometry input, source/tests and referenced architectural evidence
prototypes/global-pyramid/migration-review/final-v4-validation/review-1440-split.png	D	yes	Global reference, frozen geometry input, source/tests and referenced architectural evidence
prototypes/global-pyramid/migration-review/final-v4-validation/target-five-root-overview.png	D	yes	Global reference, frozen geometry input, source/tests and referenced architectural evidence
prototypes/global-pyramid/migration-review/final-v4-validation/test_package.py	D	yes	Global reference, frozen geometry input, source/tests and referenced architectural evidence
prototypes/global-pyramid/migration-review/five-root-v3-validation/browser-final.log	C	no	Ignored historical disposable validation output; not an active input
prototypes/global-pyramid/migration-review/five-root-v3-validation/browser-smoke.cjs	D	yes	Global reference, frozen geometry input, source/tests and referenced architectural evidence
prototypes/global-pyramid/migration-review/five-root-v3-validation/browser-smoke.json	D	yes	Global reference, frozen geometry input, source/tests and referenced architectural evidence
prototypes/global-pyramid/migration-review/five-root-v3-validation/browser.log	C	no	Ignored historical disposable validation output; not an active input
prototypes/global-pyramid/migration-review/five-root-v3-validation/generation-final.json	D	yes	Global reference, frozen geometry input, source/tests and referenced architectural evidence
prototypes/global-pyramid/migration-review/five-root-v3-validation/generation.json	D	yes	Global reference, frozen geometry input, source/tests and referenced architectural evidence
prototypes/global-pyramid/migration-review/five-root-v3-validation/git-after.txt	D	yes	Global reference, frozen geometry input, source/tests and referenced architectural evidence
prototypes/global-pyramid/migration-review/five-root-v3-validation/git-before.txt	D	yes	Global reference, frozen geometry input, source/tests and referenced architectural evidence
prototypes/global-pyramid/migration-review/five-root-v3-validation/legacy-check.json	D	yes	Global reference, frozen geometry input, source/tests and referenced architectural evidence
prototypes/global-pyramid/migration-review/five-root-v3-validation/old-package-stale.json	D	yes	Global reference, frozen geometry input, source/tests and referenced architectural evidence
prototypes/global-pyramid/migration-review/five-root-v3-validation/preflight.json	D	yes	Global reference, frozen geometry input, source/tests and referenced architectural evidence
prototypes/global-pyramid/migration-review/five-root-v3-validation/protected-after.json	D	yes	Global reference, frozen geometry input, source/tests and referenced architectural evidence
prototypes/global-pyramid/migration-review/five-root-v3-validation/protected-before.json	D	yes	Global reference, frozen geometry input, source/tests and referenced architectural evidence
prototypes/global-pyramid/migration-review/five-root-v3-validation/review-1440-split.png	D	yes	Global reference, frozen geometry input, source/tests and referenced architectural evidence
prototypes/global-pyramid/migration-review/five-root-v3-validation/target-five-root-overview.png	D	yes	Global reference, frozen geometry input, source/tests and referenced architectural evidence
prototypes/global-pyramid/migration-review/five-root-v3-validation/test_package.py	D	yes	Global reference, frozen geometry input, source/tests and referenced architectural evidence
prototypes/global-pyramid/migration-review/five-root-v3-validation/tests-final.log	C	no	Ignored historical disposable validation output; not an active input
prototypes/global-pyramid/migration-review/five-root-v3-validation/tests.log	C	no	Ignored historical disposable validation output; not an active input
prototypes/global-pyramid/migration-review/five-root-v3-validation/validation.json	D	yes	Global reference, frozen geometry input, source/tests and referenced architectural evidence
prototypes/global-pyramid/migration-review/packages/accepted-v6-to-canonical-a-r3/candidate/production/app.js	D	no	Superseded strict-global executable migration package; never revive or apply
prototypes/global-pyramid/migration-review/packages/accepted-v6-to-canonical-a-r3/candidate/production/atlas.js	D	no	Superseded strict-global executable migration package; never revive or apply
prototypes/global-pyramid/migration-review/packages/accepted-v6-to-canonical-a-r3/candidate/production/authority-guard.js	D	no	Superseded strict-global executable migration package; never revive or apply
prototypes/global-pyramid/migration-review/packages/accepted-v6-to-canonical-a-r3/candidate/production/generated/catalog.json	D	no	Superseded strict-global executable migration package; never revive or apply
prototypes/global-pyramid/migration-review/packages/accepted-v6-to-canonical-a-r3/candidate/production/generated/global-geometry.json	D	no	Superseded strict-global executable migration package; never revive or apply
prototypes/global-pyramid/migration-review/packages/accepted-v6-to-canonical-a-r3/candidate/production/index.html	D	no	Superseded strict-global executable migration package; never revive or apply
prototypes/global-pyramid/migration-review/packages/accepted-v6-to-canonical-a-r3/candidate/production/labels.js	D	no	Superseded strict-global executable migration package; never revive or apply
prototypes/global-pyramid/migration-review/packages/accepted-v6-to-canonical-a-r3/candidate/production/layout-checkpoint.json	D	no	Superseded strict-global executable migration package; never revive or apply
prototypes/global-pyramid/migration-review/packages/accepted-v6-to-canonical-a-r3/candidate/production/model.json	D	no	Superseded strict-global executable migration package; never revive or apply
prototypes/global-pyramid/migration-review/packages/accepted-v6-to-canonical-a-r3/candidate/production/release-manifest.json	D	no	Superseded strict-global executable migration package; never revive or apply
prototypes/global-pyramid/migration-review/packages/accepted-v6-to-canonical-a-r3/candidate/production/spatial-authority.json	D	no	Superseded strict-global executable migration package; never revive or apply
prototypes/global-pyramid/migration-review/packages/accepted-v6-to-canonical-a-r3/candidate/production/style.css	D	no	Superseded strict-global executable migration package; never revive or apply
prototypes/global-pyramid/migration-review/packages/accepted-v6-to-canonical-a-r3/candidate/production/target-geometry.json	D	no	Superseded strict-global executable migration package; never revive or apply
prototypes/global-pyramid/migration-review/packages/accepted-v6-to-canonical-a-r3/candidate/production/ux.js	D	no	Superseded strict-global executable migration package; never revive or apply
prototypes/global-pyramid/migration-review/packages/accepted-v6-to-canonical-a-r3/candidate/state/README.md	D	no	Superseded strict-global executable migration package; never revive or apply
prototypes/global-pyramid/migration-review/packages/accepted-v6-to-canonical-a-r3/candidate/state/activation-state.json	D	no	Superseded strict-global executable migration package; never revive or apply
prototypes/global-pyramid/migration-review/packages/accepted-v6-to-canonical-a-r3/candidate/state/layout-checkpoint.json	D	no	Superseded strict-global executable migration package; never revive or apply
prototypes/global-pyramid/migration-review/packages/accepted-v6-to-canonical-a-r3/candidate/state/spatial-authority.json	D	no	Superseded strict-global executable migration package; never revive or apply
prototypes/global-pyramid/migration-review/packages/accepted-v6-to-canonical-a-r3/candidate/state/spatial-migrations.json	D	no	Superseded strict-global executable migration package; never revive or apply
prototypes/global-pyramid/migration-review/packages/accepted-v6-to-canonical-a-r3/candidate/state/update-snapshot.json	D	no	Superseded strict-global executable migration package; never revive or apply
prototypes/global-pyramid/migration-review/packages/accepted-v6-to-canonical-a-r3/catalog.json	D	no	Superseded strict-global executable migration package; never revive or apply
prototypes/global-pyramid/migration-review/packages/accepted-v6-to-canonical-a-r3/current-geometry.json	D	no	Superseded strict-global executable migration package; never revive or apply
prototypes/global-pyramid/migration-review/packages/accepted-v6-to-canonical-a-r3/geometry-comparison.json	D	no	Superseded strict-global executable migration package; never revive or apply
prototypes/global-pyramid/migration-review/packages/accepted-v6-to-canonical-a-r3/global-geometry.json	D	no	Superseded strict-global executable migration package; never revive or apply
prototypes/global-pyramid/migration-review/packages/accepted-v6-to-canonical-a-r3/manifest-core.json	D	no	Superseded strict-global executable migration package; never revive or apply
prototypes/global-pyramid/migration-review/packages/accepted-v6-to-canonical-a-r3/migration-diff.json	D	no	Superseded strict-global executable migration package; never revive or apply
prototypes/global-pyramid/migration-review/packages/accepted-v6-to-canonical-a-r3/migration-manifest.json	D	no	Superseded strict-global executable migration package; never revive or apply
prototypes/global-pyramid/migration-review/packages/accepted-v6-to-canonical-a-r3/migration-metrics.json	D	no	Superseded strict-global executable migration package; never revive or apply
prototypes/global-pyramid/migration-review/packages/accepted-v6-to-canonical-a-r3/preview-manifest.json	D	no	Superseded strict-global executable migration package; never revive or apply
prototypes/global-pyramid/migration-review/packages/accepted-v6-to-canonical-a-r3/review-summary.json	D	no	Superseded strict-global executable migration package; never revive or apply
prototypes/global-pyramid/migration-review/packages/accepted-v6-to-canonical-a-r3/semantic-invariance.json	D	no	Superseded strict-global executable migration package; never revive or apply
prototypes/global-pyramid/migration-review/packages/accepted-v6-to-canonical-a-r3/semantic-snapshot.json	D	no	Superseded strict-global executable migration package; never revive or apply
prototypes/global-pyramid/migration-review/packages/accepted-v6-to-canonical-a-r3/target-geometry.json	D	no	Superseded strict-global executable migration package; never revive or apply
prototypes/global-pyramid/migration-review/packages/accepted-v6-to-canonical-a-r3/transaction-plan.json	D	no	Superseded strict-global executable migration package; never revive or apply
prototypes/global-pyramid/migration-review/packages/accepted-v6-to-canonical-a-r3/view/app.js	D	no	Superseded strict-global executable migration package; never revive or apply
prototypes/global-pyramid/migration-review/packages/accepted-v6-to-canonical-a-r3/view/index.html	D	no	Superseded strict-global executable migration package; never revive or apply
prototypes/global-pyramid/migration-review/packages/accepted-v6-to-canonical-a-r3/view/labels.js	D	no	Superseded strict-global executable migration package; never revive or apply
prototypes/global-pyramid/migration-review/packages/accepted-v6-to-canonical-a-r3/view/review.js	D	no	Superseded strict-global executable migration package; never revive or apply
prototypes/global-pyramid/migration-review/packages/accepted-v6-to-canonical-a-r3/view/style.css	D	no	Superseded strict-global executable migration package; never revive or apply
prototypes/global-pyramid/migration-review/phase1-current-validation/HANDOFF.md	D	yes	Global reference, frozen geometry input, source/tests and referenced architectural evidence
prototypes/global-pyramid/migration-review/phase1-current-validation/browser-console.txt	D	yes	Global reference, frozen geometry input, source/tests and referenced architectural evidence
prototypes/global-pyramid/migration-review/phase1-current-validation/browser-results.json	D	yes	Global reference, frozen geometry input, source/tests and referenced architectural evidence
prototypes/global-pyramid/migration-review/phase1-current-validation/browser-review.cjs	D	yes	Global reference, frozen geometry input, source/tests and referenced architectural evidence
prototypes/global-pyramid/migration-review/phase1-current-validation/durable-tests.txt	D	yes	Global reference, frozen geometry input, source/tests and referenced architectural evidence
prototypes/global-pyramid/migration-review/phase1-current-validation/generate.py	D	yes	Global reference, frozen geometry input, source/tests and referenced architectural evidence
prototypes/global-pyramid/migration-review/phase1-current-validation/generation-console.txt	D	yes	Global reference, frozen geometry input, source/tests and referenced architectural evidence
prototypes/global-pyramid/migration-review/phase1-current-validation/git-status-after.txt	D	yes	Global reference, frozen geometry input, source/tests and referenced architectural evidence
prototypes/global-pyramid/migration-review/phase1-current-validation/git-status-before.txt	D	yes	Global reference, frozen geometry input, source/tests and referenced architectural evidence
prototypes/global-pyramid/migration-review/phase1-current-validation/http-check.json	D	yes	Global reference, frozen geometry input, source/tests and referenced architectural evidence
prototypes/global-pyramid/migration-review/phase1-current-validation/legacy-check.json	D	yes	Global reference, frozen geometry input, source/tests and referenced architectural evidence
prototypes/global-pyramid/migration-review/phase1-current-validation/legacy-check.stderr	D	yes	Global reference, frozen geometry input, source/tests and referenced architectural evidence
prototypes/global-pyramid/migration-review/phase1-current-validation/legacy-dry-run.json	D	yes	Global reference, frozen geometry input, source/tests and referenced architectural evidence
prototypes/global-pyramid/migration-review/phase1-current-validation/legacy-dry-run.stderr	D	yes	Global reference, frozen geometry input, source/tests and referenced architectural evidence
prototypes/global-pyramid/migration-review/phase1-current-validation/migration-tests.txt	D	yes	Global reference, frozen geometry input, source/tests and referenced architectural evidence
prototypes/global-pyramid/migration-review/phase1-current-validation/package-verification.json	D	yes	Global reference, frozen geometry input, source/tests and referenced architectural evidence
prototypes/global-pyramid/migration-review/phase1-current-validation/post-generation-integrity.json	D	yes	Global reference, frozen geometry input, source/tests and referenced architectural evidence
prototypes/global-pyramid/migration-review/phase1-current-validation/preflight.json	D	yes	Global reference, frozen geometry input, source/tests and referenced architectural evidence
prototypes/global-pyramid/migration-review/phase1-current-validation/review-1024-current.png	D	yes	Global reference, frozen geometry input, source/tests and referenced architectural evidence
prototypes/global-pyramid/migration-review/phase1-current-validation/review-1024-java.png	D	yes	Global reference, frozen geometry input, source/tests and referenced architectural evidence
prototypes/global-pyramid/migration-review/phase1-current-validation/review-1024-largest-category.png	D	yes	Global reference, frozen geometry input, source/tests and referenced architectural evidence
prototypes/global-pyramid/migration-review/phase1-current-validation/review-1024-largest-topic.png	D	yes	Global reference, frozen geometry input, source/tests and referenced architectural evidence
prototypes/global-pyramid/migration-review/phase1-current-validation/review-1024-overlay.png	D	yes	Global reference, frozen geometry input, source/tests and referenced architectural evidence
prototypes/global-pyramid/migration-review/phase1-current-validation/review-1024-split.png	D	yes	Global reference, frozen geometry input, source/tests and referenced architectural evidence
prototypes/global-pyramid/migration-review/phase1-current-validation/review-1024-stage-617.png	D	yes	Global reference, frozen geometry input, source/tests and referenced architectural evidence
prototypes/global-pyramid/migration-review/phase1-current-validation/review-1024-target.png	D	yes	Global reference, frozen geometry input, source/tests and referenced architectural evidence
prototypes/global-pyramid/migration-review/phase1-current-validation/review-1024-token.png	D	yes	Global reference, frozen geometry input, source/tests and referenced architectural evidence
prototypes/global-pyramid/migration-review/phase1-current-validation/review-1024-vector.png	D	yes	Global reference, frozen geometry input, source/tests and referenced architectural evidence
prototypes/global-pyramid/migration-review/phase1-current-validation/review-1440-current.png	D	yes	Global reference, frozen geometry input, source/tests and referenced architectural evidence
prototypes/global-pyramid/migration-review/phase1-current-validation/review-1440-java.png	D	yes	Global reference, frozen geometry input, source/tests and referenced architectural evidence
prototypes/global-pyramid/migration-review/phase1-current-validation/review-1440-largest-category.png	D	yes	Global reference, frozen geometry input, source/tests and referenced architectural evidence
prototypes/global-pyramid/migration-review/phase1-current-validation/review-1440-largest-topic.png	D	yes	Global reference, frozen geometry input, source/tests and referenced architectural evidence
prototypes/global-pyramid/migration-review/phase1-current-validation/review-1440-overlay.png	D	yes	Global reference, frozen geometry input, source/tests and referenced architectural evidence
prototypes/global-pyramid/migration-review/phase1-current-validation/review-1440-split.png	D	yes	Global reference, frozen geometry input, source/tests and referenced architectural evidence
prototypes/global-pyramid/migration-review/phase1-current-validation/review-1440-stage-617.png	D	yes	Global reference, frozen geometry input, source/tests and referenced architectural evidence
prototypes/global-pyramid/migration-review/phase1-current-validation/review-1440-target.png	D	yes	Global reference, frozen geometry input, source/tests and referenced architectural evidence
prototypes/global-pyramid/migration-review/phase1-current-validation/review-1440-token.png	D	yes	Global reference, frozen geometry input, source/tests and referenced architectural evidence
prototypes/global-pyramid/migration-review/phase1-current-validation/review-1440-vector.png	D	yes	Global reference, frozen geometry input, source/tests and referenced architectural evidence
prototypes/global-pyramid/migration-review/phase1-current-validation/review-1920-current.png	D	yes	Global reference, frozen geometry input, source/tests and referenced architectural evidence
prototypes/global-pyramid/migration-review/phase1-current-validation/review-1920-java.png	D	yes	Global reference, frozen geometry input, source/tests and referenced architectural evidence
prototypes/global-pyramid/migration-review/phase1-current-validation/review-1920-largest-category.png	D	yes	Global reference, frozen geometry input, source/tests and referenced architectural evidence
prototypes/global-pyramid/migration-review/phase1-current-validation/review-1920-largest-topic.png	D	yes	Global reference, frozen geometry input, source/tests and referenced architectural evidence
prototypes/global-pyramid/migration-review/phase1-current-validation/review-1920-overlay.png	D	yes	Global reference, frozen geometry input, source/tests and referenced architectural evidence
prototypes/global-pyramid/migration-review/phase1-current-validation/review-1920-split.png	D	yes	Global reference, frozen geometry input, source/tests and referenced architectural evidence
prototypes/global-pyramid/migration-review/phase1-current-validation/review-1920-stage-617.png	D	yes	Global reference, frozen geometry input, source/tests and referenced architectural evidence
prototypes/global-pyramid/migration-review/phase1-current-validation/review-1920-target.png	D	yes	Global reference, frozen geometry input, source/tests and referenced architectural evidence
prototypes/global-pyramid/migration-review/phase1-current-validation/review-1920-token.png	D	yes	Global reference, frozen geometry input, source/tests and referenced architectural evidence
prototypes/global-pyramid/migration-review/phase1-current-validation/review-1920-vector.png	D	yes	Global reference, frozen geometry input, source/tests and referenced architectural evidence
prototypes/global-pyramid/migration-review/phase2-real-validation/approval-result.json	D	yes	Global reference, frozen geometry input, source/tests and referenced architectural evidence
prototypes/global-pyramid/migration-review/phase2-real-validation/exact-approval.json	D	yes	Global reference, frozen geometry input, source/tests and referenced architectural evidence
prototypes/global-pyramid/migration-review/phase2-real-validation/git-diff-name-status.txt	D	yes	Global reference, frozen geometry input, source/tests and referenced architectural evidence
prototypes/global-pyramid/migration-review/phase2-real-validation/git-diff-stat.txt	D	yes	Global reference, frozen geometry input, source/tests and referenced architectural evidence
prototypes/global-pyramid/migration-review/phase2-real-validation/git-status-after.txt	D	yes	Global reference, frozen geometry input, source/tests and referenced architectural evidence
prototypes/global-pyramid/migration-review/phase2-real-validation/git-status-before.txt	D	yes	Global reference, frozen geometry input, source/tests and referenced architectural evidence
prototypes/global-pyramid/migration-review/phase2-real-validation/legacy-check.json	D	yes	Global reference, frozen geometry input, source/tests and referenced architectural evidence
prototypes/global-pyramid/migration-review/phase2-real-validation/legacy-check.stderr	D	yes	Global reference, frozen geometry input, source/tests and referenced architectural evidence
prototypes/global-pyramid/migration-review/phase2-real-validation/legacy-dry-run.json	D	yes	Global reference, frozen geometry input, source/tests and referenced architectural evidence
prototypes/global-pyramid/migration-review/phase2-real-validation/legacy-dry-run.stderr	D	yes	Global reference, frozen geometry input, source/tests and referenced architectural evidence
prototypes/global-pyramid/migration-review/phase2-real-validation/operator-gate-results.json	D	yes	Global reference, frozen geometry input, source/tests and referenced architectural evidence
prototypes/global-pyramid/migration-review/phase2-real-validation/protected-after.json	D	yes	Global reference, frozen geometry input, source/tests and referenced architectural evidence
prototypes/global-pyramid/migration-review/phase2-real-validation/protected-before.json	D	yes	Global reference, frozen geometry input, source/tests and referenced architectural evidence
prototypes/global-pyramid/migration-review/real-apply-enablement/authorization-tests.log	C	no	Ignored historical disposable validation output; not an active input
prototypes/global-pyramid/migration-review/real-apply-enablement/browser-smoke.cjs	D	yes	Global reference, frozen geometry input, source/tests and referenced architectural evidence
prototypes/global-pyramid/migration-review/real-apply-enablement/browser-smoke.json	D	yes	Global reference, frozen geometry input, source/tests and referenced architectural evidence
prototypes/global-pyramid/migration-review/real-apply-enablement/browser-smoke.log	C	no	Ignored historical disposable validation output; not an active input
prototypes/global-pyramid/migration-review/real-apply-enablement/focused-tests-final.log	C	no	Ignored historical disposable validation output; not an active input
prototypes/global-pyramid/migration-review/real-apply-enablement/focused-tests.log	C	no	Ignored historical disposable validation output; not an active input
prototypes/global-pyramid/migration-review/real-apply-enablement/fresh-package-validation.json	D	yes	Global reference, frozen geometry input, source/tests and referenced architectural evidence
prototypes/global-pyramid/migration-review/real-apply-enablement/git-after.txt	D	yes	Global reference, frozen geometry input, source/tests and referenced architectural evidence
prototypes/global-pyramid/migration-review/real-apply-enablement/git-before.txt	D	yes	Global reference, frozen geometry input, source/tests and referenced architectural evidence
prototypes/global-pyramid/migration-review/real-apply-enablement/legacy-check-missing-browser-environment.json	D	yes	Global reference, frozen geometry input, source/tests and referenced architectural evidence
prototypes/global-pyramid/migration-review/real-apply-enablement/legacy-check.json	D	yes	Global reference, frozen geometry input, source/tests and referenced architectural evidence
prototypes/global-pyramid/migration-review/real-apply-enablement/legacy-dry-run-missing-browser-environment.json	D	yes	Global reference, frozen geometry input, source/tests and referenced architectural evidence
prototypes/global-pyramid/migration-review/real-apply-enablement/legacy-dry-run.json	D	yes	Global reference, frozen geometry input, source/tests and referenced architectural evidence
prototypes/global-pyramid/migration-review/real-apply-enablement/old-package-stale.json	D	yes	Global reference, frozen geometry input, source/tests and referenced architectural evidence
prototypes/global-pyramid/migration-review/real-apply-enablement/protected-after.json	D	yes	Global reference, frozen geometry input, source/tests and referenced architectural evidence
prototypes/global-pyramid/migration-review/real-apply-enablement/protected-before.json	D	yes	Global reference, frozen geometry input, source/tests and referenced architectural evidence
prototypes/global-pyramid/migration-review/real-apply-enablement/review-1440-split.png	D	yes	Global reference, frozen geometry input, source/tests and referenced architectural evidence
prototypes/global-pyramid/migration-review/real-authorized-v2/candidate/production/app.js	D	no	Superseded strict-global executable migration package; never revive or apply
prototypes/global-pyramid/migration-review/real-authorized-v2/candidate/production/atlas.js	D	no	Superseded strict-global executable migration package; never revive or apply
prototypes/global-pyramid/migration-review/real-authorized-v2/candidate/production/authority-guard.js	D	no	Superseded strict-global executable migration package; never revive or apply
prototypes/global-pyramid/migration-review/real-authorized-v2/candidate/production/generated/catalog.json	D	no	Superseded strict-global executable migration package; never revive or apply
prototypes/global-pyramid/migration-review/real-authorized-v2/candidate/production/generated/global-geometry.json	D	no	Superseded strict-global executable migration package; never revive or apply
prototypes/global-pyramid/migration-review/real-authorized-v2/candidate/production/index.html	D	no	Superseded strict-global executable migration package; never revive or apply
prototypes/global-pyramid/migration-review/real-authorized-v2/candidate/production/labels.js	D	no	Superseded strict-global executable migration package; never revive or apply
prototypes/global-pyramid/migration-review/real-authorized-v2/candidate/production/layout-checkpoint.json	D	no	Superseded strict-global executable migration package; never revive or apply
prototypes/global-pyramid/migration-review/real-authorized-v2/candidate/production/model.json	D	no	Superseded strict-global executable migration package; never revive or apply
prototypes/global-pyramid/migration-review/real-authorized-v2/candidate/production/release-manifest.json	D	no	Superseded strict-global executable migration package; never revive or apply
prototypes/global-pyramid/migration-review/real-authorized-v2/candidate/production/spatial-authority.json	D	no	Superseded strict-global executable migration package; never revive or apply
prototypes/global-pyramid/migration-review/real-authorized-v2/candidate/production/style.css	D	no	Superseded strict-global executable migration package; never revive or apply
prototypes/global-pyramid/migration-review/real-authorized-v2/candidate/production/target-geometry.json	D	no	Superseded strict-global executable migration package; never revive or apply
prototypes/global-pyramid/migration-review/real-authorized-v2/candidate/production/ux.js	D	no	Superseded strict-global executable migration package; never revive or apply
prototypes/global-pyramid/migration-review/real-authorized-v2/candidate/state/README.md	D	no	Superseded strict-global executable migration package; never revive or apply
prototypes/global-pyramid/migration-review/real-authorized-v2/candidate/state/activation-state.json	D	no	Superseded strict-global executable migration package; never revive or apply
prototypes/global-pyramid/migration-review/real-authorized-v2/candidate/state/layout-checkpoint.json	D	no	Superseded strict-global executable migration package; never revive or apply
prototypes/global-pyramid/migration-review/real-authorized-v2/candidate/state/spatial-authority.json	D	no	Superseded strict-global executable migration package; never revive or apply
prototypes/global-pyramid/migration-review/real-authorized-v2/candidate/state/spatial-migrations.json	D	no	Superseded strict-global executable migration package; never revive or apply
prototypes/global-pyramid/migration-review/real-authorized-v2/candidate/state/update-snapshot.json	D	no	Superseded strict-global executable migration package; never revive or apply
prototypes/global-pyramid/migration-review/real-authorized-v2/catalog.json	D	no	Superseded strict-global executable migration package; never revive or apply
prototypes/global-pyramid/migration-review/real-authorized-v2/current-geometry.json	D	no	Superseded strict-global executable migration package; never revive or apply
prototypes/global-pyramid/migration-review/real-authorized-v2/geometry-comparison.json	D	no	Superseded strict-global executable migration package; never revive or apply
prototypes/global-pyramid/migration-review/real-authorized-v2/global-geometry.json	D	no	Superseded strict-global executable migration package; never revive or apply
prototypes/global-pyramid/migration-review/real-authorized-v2/manifest-core.json	D	no	Superseded strict-global executable migration package; never revive or apply
prototypes/global-pyramid/migration-review/real-authorized-v2/migration-diff.json	D	no	Superseded strict-global executable migration package; never revive or apply
prototypes/global-pyramid/migration-review/real-authorized-v2/migration-manifest.json	D	no	Superseded strict-global executable migration package; never revive or apply
prototypes/global-pyramid/migration-review/real-authorized-v2/migration-metrics.json	D	no	Superseded strict-global executable migration package; never revive or apply
prototypes/global-pyramid/migration-review/real-authorized-v2/preview-manifest.json	D	no	Superseded strict-global executable migration package; never revive or apply
prototypes/global-pyramid/migration-review/real-authorized-v2/review-summary.json	D	no	Superseded strict-global executable migration package; never revive or apply
prototypes/global-pyramid/migration-review/real-authorized-v2/semantic-invariance.json	D	no	Superseded strict-global executable migration package; never revive or apply
prototypes/global-pyramid/migration-review/real-authorized-v2/semantic-snapshot.json	D	no	Superseded strict-global executable migration package; never revive or apply
prototypes/global-pyramid/migration-review/real-authorized-v2/target-geometry.json	D	no	Superseded strict-global executable migration package; never revive or apply
prototypes/global-pyramid/migration-review/real-authorized-v2/transaction-plan.json	D	no	Superseded strict-global executable migration package; never revive or apply
prototypes/global-pyramid/migration-review/real-authorized-v2/view/app.js	D	no	Superseded strict-global executable migration package; never revive or apply
prototypes/global-pyramid/migration-review/real-authorized-v2/view/index.html	D	no	Superseded strict-global executable migration package; never revive or apply
prototypes/global-pyramid/migration-review/real-authorized-v2/view/labels.js	D	no	Superseded strict-global executable migration package; never revive or apply
prototypes/global-pyramid/migration-review/real-authorized-v2/view/review.js	D	no	Superseded strict-global executable migration package; never revive or apply
prototypes/global-pyramid/migration-review/real-authorized-v2/view/style.css	D	no	Superseded strict-global executable migration package; never revive or apply
prototypes/global-pyramid/migration-review/real-current/candidate/production/app.js	D	no	Superseded strict-global executable migration package; never revive or apply
prototypes/global-pyramid/migration-review/real-current/candidate/production/atlas.js	D	no	Superseded strict-global executable migration package; never revive or apply
prototypes/global-pyramid/migration-review/real-current/candidate/production/authority-guard.js	D	no	Superseded strict-global executable migration package; never revive or apply
prototypes/global-pyramid/migration-review/real-current/candidate/production/generated/catalog.json	D	no	Superseded strict-global executable migration package; never revive or apply
prototypes/global-pyramid/migration-review/real-current/candidate/production/generated/global-geometry.json	D	no	Superseded strict-global executable migration package; never revive or apply
prototypes/global-pyramid/migration-review/real-current/candidate/production/index.html	D	no	Superseded strict-global executable migration package; never revive or apply
prototypes/global-pyramid/migration-review/real-current/candidate/production/labels.js	D	no	Superseded strict-global executable migration package; never revive or apply
prototypes/global-pyramid/migration-review/real-current/candidate/production/layout-checkpoint.json	D	no	Superseded strict-global executable migration package; never revive or apply
prototypes/global-pyramid/migration-review/real-current/candidate/production/model.json	D	no	Superseded strict-global executable migration package; never revive or apply
prototypes/global-pyramid/migration-review/real-current/candidate/production/release-manifest.json	D	no	Superseded strict-global executable migration package; never revive or apply
prototypes/global-pyramid/migration-review/real-current/candidate/production/spatial-authority.json	D	no	Superseded strict-global executable migration package; never revive or apply
prototypes/global-pyramid/migration-review/real-current/candidate/production/style.css	D	no	Superseded strict-global executable migration package; never revive or apply
prototypes/global-pyramid/migration-review/real-current/candidate/production/target-geometry.json	D	no	Superseded strict-global executable migration package; never revive or apply
prototypes/global-pyramid/migration-review/real-current/candidate/production/ux.js	D	no	Superseded strict-global executable migration package; never revive or apply
prototypes/global-pyramid/migration-review/real-current/candidate/state/README.md	D	no	Superseded strict-global executable migration package; never revive or apply
prototypes/global-pyramid/migration-review/real-current/candidate/state/activation-state.json	D	no	Superseded strict-global executable migration package; never revive or apply
prototypes/global-pyramid/migration-review/real-current/candidate/state/layout-checkpoint.json	D	no	Superseded strict-global executable migration package; never revive or apply
prototypes/global-pyramid/migration-review/real-current/candidate/state/spatial-authority.json	D	no	Superseded strict-global executable migration package; never revive or apply
prototypes/global-pyramid/migration-review/real-current/candidate/state/spatial-migrations.json	D	no	Superseded strict-global executable migration package; never revive or apply
prototypes/global-pyramid/migration-review/real-current/candidate/state/update-snapshot.json	D	no	Superseded strict-global executable migration package; never revive or apply
prototypes/global-pyramid/migration-review/real-current/catalog.json	D	no	Superseded strict-global executable migration package; never revive or apply
prototypes/global-pyramid/migration-review/real-current/current-geometry.json	D	no	Superseded strict-global executable migration package; never revive or apply
prototypes/global-pyramid/migration-review/real-current/geometry-comparison.json	D	no	Superseded strict-global executable migration package; never revive or apply
prototypes/global-pyramid/migration-review/real-current/global-geometry.json	D	no	Superseded strict-global executable migration package; never revive or apply
prototypes/global-pyramid/migration-review/real-current/manifest-core.json	D	no	Superseded strict-global executable migration package; never revive or apply
prototypes/global-pyramid/migration-review/real-current/migration-diff.json	D	no	Superseded strict-global executable migration package; never revive or apply
prototypes/global-pyramid/migration-review/real-current/migration-manifest.json	D	no	Superseded strict-global executable migration package; never revive or apply
prototypes/global-pyramid/migration-review/real-current/migration-metrics.json	D	no	Superseded strict-global executable migration package; never revive or apply
prototypes/global-pyramid/migration-review/real-current/preview-manifest.json	D	no	Superseded strict-global executable migration package; never revive or apply
prototypes/global-pyramid/migration-review/real-current/review-summary.json	D	no	Superseded strict-global executable migration package; never revive or apply
prototypes/global-pyramid/migration-review/real-current/semantic-invariance.json	D	no	Superseded strict-global executable migration package; never revive or apply
prototypes/global-pyramid/migration-review/real-current/semantic-snapshot.json	D	no	Superseded strict-global executable migration package; never revive or apply
prototypes/global-pyramid/migration-review/real-current/target-geometry.json	D	no	Superseded strict-global executable migration package; never revive or apply
prototypes/global-pyramid/migration-review/real-current/transaction-plan.json	D	no	Superseded strict-global executable migration package; never revive or apply
prototypes/global-pyramid/migration-review/real-current/view/app.js	D	no	Superseded strict-global executable migration package; never revive or apply
prototypes/global-pyramid/migration-review/real-current/view/index.html	D	no	Superseded strict-global executable migration package; never revive or apply
prototypes/global-pyramid/migration-review/real-current/view/labels.js	D	no	Superseded strict-global executable migration package; never revive or apply
prototypes/global-pyramid/migration-review/real-current/view/review.js	D	no	Superseded strict-global executable migration package; never revive or apply
prototypes/global-pyramid/migration-review/real-current/view/style.css	D	no	Superseded strict-global executable migration package; never revive or apply
prototypes/global-pyramid/migration-review/real-five-root-final-v4/candidate/production/app.js	D	no	Superseded strict-global executable migration package; never revive or apply
prototypes/global-pyramid/migration-review/real-five-root-final-v4/candidate/production/atlas.js	D	no	Superseded strict-global executable migration package; never revive or apply
prototypes/global-pyramid/migration-review/real-five-root-final-v4/candidate/production/authority-guard.js	D	no	Superseded strict-global executable migration package; never revive or apply
prototypes/global-pyramid/migration-review/real-five-root-final-v4/candidate/production/generated/catalog.json	D	no	Superseded strict-global executable migration package; never revive or apply
prototypes/global-pyramid/migration-review/real-five-root-final-v4/candidate/production/generated/global-geometry.json	D	no	Superseded strict-global executable migration package; never revive or apply
prototypes/global-pyramid/migration-review/real-five-root-final-v4/candidate/production/index.html	D	no	Superseded strict-global executable migration package; never revive or apply
prototypes/global-pyramid/migration-review/real-five-root-final-v4/candidate/production/labels.js	D	no	Superseded strict-global executable migration package; never revive or apply
prototypes/global-pyramid/migration-review/real-five-root-final-v4/candidate/production/layout-checkpoint.json	D	no	Superseded strict-global executable migration package; never revive or apply
prototypes/global-pyramid/migration-review/real-five-root-final-v4/candidate/production/model.json	D	no	Superseded strict-global executable migration package; never revive or apply
prototypes/global-pyramid/migration-review/real-five-root-final-v4/candidate/production/release-manifest.json	D	no	Superseded strict-global executable migration package; never revive or apply
prototypes/global-pyramid/migration-review/real-five-root-final-v4/candidate/production/spatial-authority.json	D	no	Superseded strict-global executable migration package; never revive or apply
prototypes/global-pyramid/migration-review/real-five-root-final-v4/candidate/production/style.css	D	no	Superseded strict-global executable migration package; never revive or apply
prototypes/global-pyramid/migration-review/real-five-root-final-v4/candidate/production/target-geometry.json	D	no	Superseded strict-global executable migration package; never revive or apply
prototypes/global-pyramid/migration-review/real-five-root-final-v4/candidate/production/ux.js	D	no	Superseded strict-global executable migration package; never revive or apply
prototypes/global-pyramid/migration-review/real-five-root-final-v4/candidate/state/README.md	D	no	Superseded strict-global executable migration package; never revive or apply
prototypes/global-pyramid/migration-review/real-five-root-final-v4/candidate/state/activation-state.json	D	no	Superseded strict-global executable migration package; never revive or apply
prototypes/global-pyramid/migration-review/real-five-root-final-v4/candidate/state/layout-checkpoint.json	D	no	Superseded strict-global executable migration package; never revive or apply
prototypes/global-pyramid/migration-review/real-five-root-final-v4/candidate/state/spatial-authority.json	D	no	Superseded strict-global executable migration package; never revive or apply
prototypes/global-pyramid/migration-review/real-five-root-final-v4/candidate/state/spatial-migrations.json	D	no	Superseded strict-global executable migration package; never revive or apply
prototypes/global-pyramid/migration-review/real-five-root-final-v4/candidate/state/update-snapshot.json	D	no	Superseded strict-global executable migration package; never revive or apply
prototypes/global-pyramid/migration-review/real-five-root-final-v4/catalog.json	D	no	Superseded strict-global executable migration package; never revive or apply
prototypes/global-pyramid/migration-review/real-five-root-final-v4/current-geometry.json	D	no	Superseded strict-global executable migration package; never revive or apply
prototypes/global-pyramid/migration-review/real-five-root-final-v4/geometry-comparison.json	D	no	Superseded strict-global executable migration package; never revive or apply
prototypes/global-pyramid/migration-review/real-five-root-final-v4/global-geometry.json	D	no	Superseded strict-global executable migration package; never revive or apply
prototypes/global-pyramid/migration-review/real-five-root-final-v4/manifest-core.json	D	no	Superseded strict-global executable migration package; never revive or apply
prototypes/global-pyramid/migration-review/real-five-root-final-v4/migration-diff.json	D	no	Superseded strict-global executable migration package; never revive or apply
prototypes/global-pyramid/migration-review/real-five-root-final-v4/migration-manifest.json	D	no	Superseded strict-global executable migration package; never revive or apply
prototypes/global-pyramid/migration-review/real-five-root-final-v4/migration-metrics.json	D	no	Superseded strict-global executable migration package; never revive or apply
prototypes/global-pyramid/migration-review/real-five-root-final-v4/preview-manifest.json	D	no	Superseded strict-global executable migration package; never revive or apply
prototypes/global-pyramid/migration-review/real-five-root-final-v4/review-summary.json	D	no	Superseded strict-global executable migration package; never revive or apply
prototypes/global-pyramid/migration-review/real-five-root-final-v4/semantic-invariance.json	D	no	Superseded strict-global executable migration package; never revive or apply
prototypes/global-pyramid/migration-review/real-five-root-final-v4/semantic-snapshot.json	D	no	Superseded strict-global executable migration package; never revive or apply
prototypes/global-pyramid/migration-review/real-five-root-final-v4/target-geometry.json	D	no	Superseded strict-global executable migration package; never revive or apply
prototypes/global-pyramid/migration-review/real-five-root-final-v4/transaction-plan.json	D	no	Superseded strict-global executable migration package; never revive or apply
prototypes/global-pyramid/migration-review/real-five-root-final-v4/view/app.js	D	no	Superseded strict-global executable migration package; never revive or apply
prototypes/global-pyramid/migration-review/real-five-root-final-v4/view/index.html	D	no	Superseded strict-global executable migration package; never revive or apply
prototypes/global-pyramid/migration-review/real-five-root-final-v4/view/labels.js	D	no	Superseded strict-global executable migration package; never revive or apply
prototypes/global-pyramid/migration-review/real-five-root-final-v4/view/review.js	D	no	Superseded strict-global executable migration package; never revive or apply
prototypes/global-pyramid/migration-review/real-five-root-final-v4/view/style.css	D	no	Superseded strict-global executable migration package; never revive or apply
prototypes/global-pyramid/migration-review/real-five-root-v3-final/candidate/production/app.js	D	no	Superseded strict-global executable migration package; never revive or apply
prototypes/global-pyramid/migration-review/real-five-root-v3-final/candidate/production/atlas.js	D	no	Superseded strict-global executable migration package; never revive or apply
prototypes/global-pyramid/migration-review/real-five-root-v3-final/candidate/production/authority-guard.js	D	no	Superseded strict-global executable migration package; never revive or apply
prototypes/global-pyramid/migration-review/real-five-root-v3-final/candidate/production/generated/catalog.json	D	no	Superseded strict-global executable migration package; never revive or apply
prototypes/global-pyramid/migration-review/real-five-root-v3-final/candidate/production/generated/global-geometry.json	D	no	Superseded strict-global executable migration package; never revive or apply
prototypes/global-pyramid/migration-review/real-five-root-v3-final/candidate/production/index.html	D	no	Superseded strict-global executable migration package; never revive or apply
prototypes/global-pyramid/migration-review/real-five-root-v3-final/candidate/production/labels.js	D	no	Superseded strict-global executable migration package; never revive or apply
prototypes/global-pyramid/migration-review/real-five-root-v3-final/candidate/production/layout-checkpoint.json	D	no	Superseded strict-global executable migration package; never revive or apply
prototypes/global-pyramid/migration-review/real-five-root-v3-final/candidate/production/model.json	D	no	Superseded strict-global executable migration package; never revive or apply
prototypes/global-pyramid/migration-review/real-five-root-v3-final/candidate/production/release-manifest.json	D	no	Superseded strict-global executable migration package; never revive or apply
prototypes/global-pyramid/migration-review/real-five-root-v3-final/candidate/production/spatial-authority.json	D	no	Superseded strict-global executable migration package; never revive or apply
prototypes/global-pyramid/migration-review/real-five-root-v3-final/candidate/production/style.css	D	no	Superseded strict-global executable migration package; never revive or apply
prototypes/global-pyramid/migration-review/real-five-root-v3-final/candidate/production/target-geometry.json	D	no	Superseded strict-global executable migration package; never revive or apply
prototypes/global-pyramid/migration-review/real-five-root-v3-final/candidate/production/ux.js	D	no	Superseded strict-global executable migration package; never revive or apply
prototypes/global-pyramid/migration-review/real-five-root-v3-final/candidate/state/README.md	D	no	Superseded strict-global executable migration package; never revive or apply
prototypes/global-pyramid/migration-review/real-five-root-v3-final/candidate/state/activation-state.json	D	no	Superseded strict-global executable migration package; never revive or apply
prototypes/global-pyramid/migration-review/real-five-root-v3-final/candidate/state/layout-checkpoint.json	D	no	Superseded strict-global executable migration package; never revive or apply
prototypes/global-pyramid/migration-review/real-five-root-v3-final/candidate/state/spatial-authority.json	D	no	Superseded strict-global executable migration package; never revive or apply
prototypes/global-pyramid/migration-review/real-five-root-v3-final/candidate/state/spatial-migrations.json	D	no	Superseded strict-global executable migration package; never revive or apply
prototypes/global-pyramid/migration-review/real-five-root-v3-final/candidate/state/update-snapshot.json	D	no	Superseded strict-global executable migration package; never revive or apply
prototypes/global-pyramid/migration-review/real-five-root-v3-final/catalog.json	D	no	Superseded strict-global executable migration package; never revive or apply
prototypes/global-pyramid/migration-review/real-five-root-v3-final/current-geometry.json	D	no	Superseded strict-global executable migration package; never revive or apply
prototypes/global-pyramid/migration-review/real-five-root-v3-final/geometry-comparison.json	D	no	Superseded strict-global executable migration package; never revive or apply
prototypes/global-pyramid/migration-review/real-five-root-v3-final/global-geometry.json	D	no	Superseded strict-global executable migration package; never revive or apply
prototypes/global-pyramid/migration-review/real-five-root-v3-final/manifest-core.json	D	no	Superseded strict-global executable migration package; never revive or apply
prototypes/global-pyramid/migration-review/real-five-root-v3-final/migration-diff.json	D	no	Superseded strict-global executable migration package; never revive or apply
prototypes/global-pyramid/migration-review/real-five-root-v3-final/migration-manifest.json	D	no	Superseded strict-global executable migration package; never revive or apply
prototypes/global-pyramid/migration-review/real-five-root-v3-final/migration-metrics.json	D	no	Superseded strict-global executable migration package; never revive or apply
prototypes/global-pyramid/migration-review/real-five-root-v3-final/preview-manifest.json	D	no	Superseded strict-global executable migration package; never revive or apply
prototypes/global-pyramid/migration-review/real-five-root-v3-final/review-summary.json	D	no	Superseded strict-global executable migration package; never revive or apply
prototypes/global-pyramid/migration-review/real-five-root-v3-final/semantic-invariance.json	D	no	Superseded strict-global executable migration package; never revive or apply
prototypes/global-pyramid/migration-review/real-five-root-v3-final/semantic-snapshot.json	D	no	Superseded strict-global executable migration package; never revive or apply
prototypes/global-pyramid/migration-review/real-five-root-v3-final/target-geometry.json	D	no	Superseded strict-global executable migration package; never revive or apply
prototypes/global-pyramid/migration-review/real-five-root-v3-final/transaction-plan.json	D	no	Superseded strict-global executable migration package; never revive or apply
prototypes/global-pyramid/migration-review/real-five-root-v3-final/view/app.js	D	no	Superseded strict-global executable migration package; never revive or apply
prototypes/global-pyramid/migration-review/real-five-root-v3-final/view/index.html	D	no	Superseded strict-global executable migration package; never revive or apply
prototypes/global-pyramid/migration-review/real-five-root-v3-final/view/labels.js	D	no	Superseded strict-global executable migration package; never revive or apply
prototypes/global-pyramid/migration-review/real-five-root-v3-final/view/review.js	D	no	Superseded strict-global executable migration package; never revive or apply
prototypes/global-pyramid/migration-review/real-five-root-v3-final/view/style.css	D	no	Superseded strict-global executable migration package; never revive or apply
prototypes/global-pyramid/migration-review/real-five-root-v3/candidate/production/app.js	D	no	Superseded strict-global executable migration package; never revive or apply
prototypes/global-pyramid/migration-review/real-five-root-v3/candidate/production/atlas.js	D	no	Superseded strict-global executable migration package; never revive or apply
prototypes/global-pyramid/migration-review/real-five-root-v3/candidate/production/authority-guard.js	D	no	Superseded strict-global executable migration package; never revive or apply
prototypes/global-pyramid/migration-review/real-five-root-v3/candidate/production/generated/catalog.json	D	no	Superseded strict-global executable migration package; never revive or apply
prototypes/global-pyramid/migration-review/real-five-root-v3/candidate/production/generated/global-geometry.json	D	no	Superseded strict-global executable migration package; never revive or apply
prototypes/global-pyramid/migration-review/real-five-root-v3/candidate/production/index.html	D	no	Superseded strict-global executable migration package; never revive or apply
prototypes/global-pyramid/migration-review/real-five-root-v3/candidate/production/labels.js	D	no	Superseded strict-global executable migration package; never revive or apply
prototypes/global-pyramid/migration-review/real-five-root-v3/candidate/production/layout-checkpoint.json	D	no	Superseded strict-global executable migration package; never revive or apply
prototypes/global-pyramid/migration-review/real-five-root-v3/candidate/production/model.json	D	no	Superseded strict-global executable migration package; never revive or apply
prototypes/global-pyramid/migration-review/real-five-root-v3/candidate/production/release-manifest.json	D	no	Superseded strict-global executable migration package; never revive or apply
prototypes/global-pyramid/migration-review/real-five-root-v3/candidate/production/spatial-authority.json	D	no	Superseded strict-global executable migration package; never revive or apply
prototypes/global-pyramid/migration-review/real-five-root-v3/candidate/production/style.css	D	no	Superseded strict-global executable migration package; never revive or apply
prototypes/global-pyramid/migration-review/real-five-root-v3/candidate/production/target-geometry.json	D	no	Superseded strict-global executable migration package; never revive or apply
prototypes/global-pyramid/migration-review/real-five-root-v3/candidate/production/ux.js	D	no	Superseded strict-global executable migration package; never revive or apply
prototypes/global-pyramid/migration-review/real-five-root-v3/candidate/state/README.md	D	no	Superseded strict-global executable migration package; never revive or apply
prototypes/global-pyramid/migration-review/real-five-root-v3/candidate/state/activation-state.json	D	no	Superseded strict-global executable migration package; never revive or apply
prototypes/global-pyramid/migration-review/real-five-root-v3/candidate/state/layout-checkpoint.json	D	no	Superseded strict-global executable migration package; never revive or apply
prototypes/global-pyramid/migration-review/real-five-root-v3/candidate/state/spatial-authority.json	D	no	Superseded strict-global executable migration package; never revive or apply
prototypes/global-pyramid/migration-review/real-five-root-v3/candidate/state/spatial-migrations.json	D	no	Superseded strict-global executable migration package; never revive or apply
prototypes/global-pyramid/migration-review/real-five-root-v3/candidate/state/update-snapshot.json	D	no	Superseded strict-global executable migration package; never revive or apply
prototypes/global-pyramid/migration-review/real-five-root-v3/catalog.json	D	no	Superseded strict-global executable migration package; never revive or apply
prototypes/global-pyramid/migration-review/real-five-root-v3/current-geometry.json	D	no	Superseded strict-global executable migration package; never revive or apply
prototypes/global-pyramid/migration-review/real-five-root-v3/geometry-comparison.json	D	no	Superseded strict-global executable migration package; never revive or apply
prototypes/global-pyramid/migration-review/real-five-root-v3/global-geometry.json	D	no	Superseded strict-global executable migration package; never revive or apply
prototypes/global-pyramid/migration-review/real-five-root-v3/manifest-core.json	D	no	Superseded strict-global executable migration package; never revive or apply
prototypes/global-pyramid/migration-review/real-five-root-v3/migration-diff.json	D	no	Superseded strict-global executable migration package; never revive or apply
prototypes/global-pyramid/migration-review/real-five-root-v3/migration-manifest.json	D	no	Superseded strict-global executable migration package; never revive or apply
prototypes/global-pyramid/migration-review/real-five-root-v3/migration-metrics.json	D	no	Superseded strict-global executable migration package; never revive or apply
prototypes/global-pyramid/migration-review/real-five-root-v3/preview-manifest.json	D	no	Superseded strict-global executable migration package; never revive or apply
prototypes/global-pyramid/migration-review/real-five-root-v3/review-summary.json	D	no	Superseded strict-global executable migration package; never revive or apply
prototypes/global-pyramid/migration-review/real-five-root-v3/semantic-invariance.json	D	no	Superseded strict-global executable migration package; never revive or apply
prototypes/global-pyramid/migration-review/real-five-root-v3/semantic-snapshot.json	D	no	Superseded strict-global executable migration package; never revive or apply
prototypes/global-pyramid/migration-review/real-five-root-v3/target-geometry.json	D	no	Superseded strict-global executable migration package; never revive or apply
prototypes/global-pyramid/migration-review/real-five-root-v3/transaction-plan.json	D	no	Superseded strict-global executable migration package; never revive or apply
prototypes/global-pyramid/migration-review/real-five-root-v3/view/app.js	D	no	Superseded strict-global executable migration package; never revive or apply
prototypes/global-pyramid/migration-review/real-five-root-v3/view/index.html	D	no	Superseded strict-global executable migration package; never revive or apply
prototypes/global-pyramid/migration-review/real-five-root-v3/view/labels.js	D	no	Superseded strict-global executable migration package; never revive or apply
prototypes/global-pyramid/migration-review/real-five-root-v3/view/review.js	D	no	Superseded strict-global executable migration package; never revive or apply
prototypes/global-pyramid/migration-review/real-five-root-v3/view/style.css	D	no	Superseded strict-global executable migration package; never revive or apply
prototypes/global-pyramid/migration-review/review.py	D	yes	Global reference, frozen geometry input, source/tests and referenced architectural evidence
prototypes/global-pyramid/migration-review/runtime/authority-guard.js	D	yes	Global reference, frozen geometry input, source/tests and referenced architectural evidence
prototypes/global-pyramid/migration-review/runtime/review.css	D	yes	Global reference, frozen geometry input, source/tests and referenced architectural evidence
prototypes/global-pyramid/migration-review/runtime/review.js	D	yes	Global reference, frozen geometry input, source/tests and referenced architectural evidence
prototypes/global-pyramid/migration-review/tests/baseline.json	D	yes	Global reference, frozen geometry input, source/tests and referenced architectural evidence
prototypes/global-pyramid/migration-review/tests/browser-console.txt	D	yes	Global reference, frozen geometry input, source/tests and referenced architectural evidence
prototypes/global-pyramid/migration-review/tests/browser-results.json	D	yes	Global reference, frozen geometry input, source/tests and referenced architectural evidence
prototypes/global-pyramid/migration-review/tests/browser-runner-console.txt	D	yes	Global reference, frozen geometry input, source/tests and referenced architectural evidence
prototypes/global-pyramid/migration-review/tests/browser.cjs	D	yes	Global reference, frozen geometry input, source/tests and referenced architectural evidence
prototypes/global-pyramid/migration-review/tests/browser_runner.py	D	yes	Global reference, frozen geometry input, source/tests and referenced architectural evidence
prototypes/global-pyramid/migration-review/tests/canonical-regression.txt	D	yes	Global reference, frozen geometry input, source/tests and referenced architectural evidence
prototypes/global-pyramid/migration-review/tests/crash.py	D	yes	Global reference, frozen geometry input, source/tests and referenced architectural evidence
prototypes/global-pyramid/migration-review/tests/disposable-1024-my-atlas.png	D	yes	Global reference, frozen geometry input, source/tests and referenced architectural evidence
prototypes/global-pyramid/migration-review/tests/disposable-1440-my-atlas.png	D	yes	Global reference, frozen geometry input, source/tests and referenced architectural evidence
prototypes/global-pyramid/migration-review/tests/disposable-1920-my-atlas.png	D	yes	Global reference, frozen geometry input, source/tests and referenced architectural evidence
prototypes/global-pyramid/migration-review/tests/disposable-apply-results.json	D	yes	Global reference, frozen geometry input, source/tests and referenced architectural evidence
prototypes/global-pyramid/migration-review/tests/files.json	D	yes	Global reference, frozen geometry input, source/tests and referenced architectural evidence
prototypes/global-pyramid/migration-review/tests/final-package-check.json	D	yes	Global reference, frozen geometry input, source/tests and referenced architectural evidence
prototypes/global-pyramid/migration-review/tests/future-reveal.json	D	yes	Global reference, frozen geometry input, source/tests and referenced architectural evidence
prototypes/global-pyramid/migration-review/tests/integrity.json	D	yes	Global reference, frozen geometry input, source/tests and referenced architectural evidence
prototypes/global-pyramid/migration-review/tests/preview-check.json	D	yes	Global reference, frozen geometry input, source/tests and referenced architectural evidence
prototypes/global-pyramid/migration-review/tests/production-check.txt	D	yes	Global reference, frozen geometry input, source/tests and referenced architectural evidence
prototypes/global-pyramid/migration-review/tests/production-regression.txt	D	yes	Global reference, frozen geometry input, source/tests and referenced architectural evidence
prototypes/global-pyramid/migration-review/tests/recovery-results.json	D	yes	Global reference, frozen geometry input, source/tests and referenced architectural evidence
prototypes/global-pyramid/migration-review/tests/review-1024-java.png	D	yes	Global reference, frozen geometry input, source/tests and referenced architectural evidence
prototypes/global-pyramid/migration-review/tests/review-1024-largest-category.png	D	yes	Global reference, frozen geometry input, source/tests and referenced architectural evidence
prototypes/global-pyramid/migration-review/tests/review-1024-largest-topic.png	D	yes	Global reference, frozen geometry input, source/tests and referenced architectural evidence
prototypes/global-pyramid/migration-review/tests/review-1024-split.png	D	yes	Global reference, frozen geometry input, source/tests and referenced architectural evidence
prototypes/global-pyramid/migration-review/tests/review-1024-stage-617.png	D	yes	Global reference, frozen geometry input, source/tests and referenced architectural evidence
prototypes/global-pyramid/migration-review/tests/review-1024-token.png	D	yes	Global reference, frozen geometry input, source/tests and referenced architectural evidence
prototypes/global-pyramid/migration-review/tests/review-1024-vector.png	D	yes	Global reference, frozen geometry input, source/tests and referenced architectural evidence
prototypes/global-pyramid/migration-review/tests/review-1440-java.png	D	yes	Global reference, frozen geometry input, source/tests and referenced architectural evidence
prototypes/global-pyramid/migration-review/tests/review-1440-largest-category.png	D	yes	Global reference, frozen geometry input, source/tests and referenced architectural evidence
prototypes/global-pyramid/migration-review/tests/review-1440-largest-topic.png	D	yes	Global reference, frozen geometry input, source/tests and referenced architectural evidence
prototypes/global-pyramid/migration-review/tests/review-1440-split.png	D	yes	Global reference, frozen geometry input, source/tests and referenced architectural evidence
prototypes/global-pyramid/migration-review/tests/review-1440-stage-617.png	D	yes	Global reference, frozen geometry input, source/tests and referenced architectural evidence
prototypes/global-pyramid/migration-review/tests/review-1440-token.png	D	yes	Global reference, frozen geometry input, source/tests and referenced architectural evidence
prototypes/global-pyramid/migration-review/tests/review-1440-vector.png	D	yes	Global reference, frozen geometry input, source/tests and referenced architectural evidence
prototypes/global-pyramid/migration-review/tests/review-1920-java.png	D	yes	Global reference, frozen geometry input, source/tests and referenced architectural evidence
prototypes/global-pyramid/migration-review/tests/review-1920-largest-category.png	D	yes	Global reference, frozen geometry input, source/tests and referenced architectural evidence
prototypes/global-pyramid/migration-review/tests/review-1920-largest-topic.png	D	yes	Global reference, frozen geometry input, source/tests and referenced architectural evidence
prototypes/global-pyramid/migration-review/tests/review-1920-split.png	D	yes	Global reference, frozen geometry input, source/tests and referenced architectural evidence
prototypes/global-pyramid/migration-review/tests/review-1920-stage-617.png	D	yes	Global reference, frozen geometry input, source/tests and referenced architectural evidence
prototypes/global-pyramid/migration-review/tests/review-1920-token.png	D	yes	Global reference, frozen geometry input, source/tests and referenced architectural evidence
prototypes/global-pyramid/migration-review/tests/review-1920-vector.png	D	yes	Global reference, frozen geometry input, source/tests and referenced architectural evidence
prototypes/global-pyramid/migration-review/tests/test-console.txt	D	yes	Global reference, frozen geometry input, source/tests and referenced architectural evidence
prototypes/global-pyramid/migration-review/tests/test_real_authorization.py	D	yes	Global reference, frozen geometry input, source/tests and referenced architectural evidence
prototypes/global-pyramid/migration-review/tests/test_review.py	D	yes	Global reference, frozen geometry input, source/tests and referenced architectural evidence
prototypes/global-pyramid/root-layout/before.json	B	yes	Global reference, frozen geometry input, source/tests and referenced architectural evidence
prototypes/global-pyramid/root-layout/browser-results.json	B	yes	Global reference, frozen geometry input, source/tests and referenced architectural evidence
prototypes/global-pyramid/root-layout/browser.cjs	A	yes	Global reference, frozen geometry input, source/tests and referenced architectural evidence
prototypes/global-pyramid/root-layout/browser.log	C	no	Ignored historical disposable validation output; not an active input
prototypes/global-pyramid/root-layout/computer-science.png	B	yes	Global reference, frozen geometry input, source/tests and referenced architectural evidence
prototypes/global-pyramid/root-layout/focused-results.json	B	yes	Global reference, frozen geometry input, source/tests and referenced architectural evidence
prototypes/global-pyramid/root-layout/generative-ai.png	B	yes	Global reference, frozen geometry input, source/tests and referenced architectural evidence
prototypes/global-pyramid/root-layout/git-after.txt	B	yes	Global reference, frozen geometry input, source/tests and referenced architectural evidence
prototypes/global-pyramid/root-layout/git-before.txt	B	yes	Global reference, frozen geometry input, source/tests and referenced architectural evidence
prototypes/global-pyramid/root-layout/global-overview-labeled.png	B	yes	Global reference, frozen geometry input, source/tests and referenced architectural evidence
prototypes/global-pyramid/root-layout/global-overview.png	B	yes	Global reference, frozen geometry input, source/tests and referenced architectural evidence
prototypes/global-pyramid/root-layout/math.png	B	yes	Global reference, frozen geometry input, source/tests and referenced architectural evidence
prototypes/global-pyramid/root-layout/natural-science.png	B	yes	Global reference, frozen geometry input, source/tests and referenced architectural evidence
prototypes/global-pyramid/root-layout/previous-global-geometry.json	B	yes	Global reference, frozen geometry input, source/tests and referenced architectural evidence
prototypes/global-pyramid/root-layout/product-development.png	B	yes	Global reference, frozen geometry input, source/tests and referenced architectural evidence
prototypes/global-pyramid/root-layout/protected-after.json	B	yes	Global reference, frozen geometry input, source/tests and referenced architectural evidence
prototypes/global-pyramid/root-layout/root-label-validation/after.json	B	yes	Global reference, frozen geometry input, source/tests and referenced architectural evidence
prototypes/global-pyramid/root-layout/root-label-validation/before.json	B	yes	Global reference, frozen geometry input, source/tests and referenced architectural evidence
prototypes/global-pyramid/root-layout/root-label-validation/browser-results.json	B	yes	Global reference, frozen geometry input, source/tests and referenced architectural evidence
prototypes/global-pyramid/root-layout/root-label-validation/browser.cjs	A	yes	Global reference, frozen geometry input, source/tests and referenced architectural evidence
prototypes/global-pyramid/root-layout/root-label-validation/browser.log	C	no	Ignored historical disposable validation output; not an active input
prototypes/global-pyramid/root-layout/root-label-validation/manifest-status.json	B	yes	Global reference, frozen geometry input, source/tests and referenced architectural evidence
prototypes/global-pyramid/root-layout/scope-results.json	B	yes	Global reference, frozen geometry input, source/tests and referenced architectural evidence
prototypes/global-pyramid/root-layout/test_root_layout.py	A	yes	Global reference, frozen geometry input, source/tests and referenced architectural evidence
prototypes/global-pyramid/root-layout/tests.log	C	no	Ignored historical disposable validation output; not an active input
prototypes/global-pyramid/style.css	A	yes	Global reference, frozen geometry input, source/tests and referenced architectural evidence
prototypes/global-pyramid/tests/browser-final.cjs	A	yes	Global reference, frozen geometry input, source/tests and referenced architectural evidence
prototypes/global-pyramid/tests/browser-results.json	B	yes	Global reference, frozen geometry input, source/tests and referenced architectural evidence
prototypes/global-pyramid/tests/browser-ux.cjs	A	yes	Global reference, frozen geometry input, source/tests and referenced architectural evidence
prototypes/global-pyramid/tests/browser.cjs	A	yes	Global reference, frozen geometry input, source/tests and referenced architectural evidence
prototypes/global-pyramid/tests/computer-science.png	B	yes	Global reference, frozen geometry input, source/tests and referenced architectural evidence
prototypes/global-pyramid/tests/core.cjs	A	yes	Global reference, frozen geometry input, source/tests and referenced architectural evidence
prototypes/global-pyramid/tests/course-8.png	B	yes	Global reference, frozen geometry input, source/tests and referenced architectural evidence
prototypes/global-pyramid/tests/deep-branch.png	B	yes	Global reference, frozen geometry input, source/tests and referenced architectural evidence
prototypes/global-pyramid/tests/deep-focus.png	B	yes	Global reference, frozen geometry input, source/tests and referenced architectural evidence
prototypes/global-pyramid/tests/final-labels.cjs	A	yes	Global reference, frozen geometry input, source/tests and referenced architectural evidence
prototypes/global-pyramid/tests/final-ux-baseline.json	B	yes	Global reference, frozen geometry input, source/tests and referenced architectural evidence
prototypes/global-pyramid/tests/final-ux/1024-course-8.png	B	yes	Global reference, frozen geometry input, source/tests and referenced architectural evidence
prototypes/global-pyramid/tests/final-ux/1024-deep-breadcrumb.png	B	yes	Global reference, frozen geometry input, source/tests and referenced architectural evidence
prototypes/global-pyramid/tests/final-ux/1024-dormant-reference.png	B	yes	Global reference, frozen geometry input, source/tests and referenced architectural evidence
prototypes/global-pyramid/tests/final-ux/1024-global.png	B	yes	Global reference, frozen geometry input, source/tests and referenced architectural evidence
prototypes/global-pyramid/tests/final-ux/1024-long-label.png	B	yes	Global reference, frozen geometry input, source/tests and referenced architectural evidence
prototypes/global-pyramid/tests/final-ux/1024-minimap-narrow.png	B	yes	Global reference, frozen geometry input, source/tests and referenced architectural evidence
prototypes/global-pyramid/tests/final-ux/1024-my-deep-topic.png	B	yes	Global reference, frozen geometry input, source/tests and referenced architectural evidence
prototypes/global-pyramid/tests/final-ux/1024-my-java.png	B	yes	Global reference, frozen geometry input, source/tests and referenced architectural evidence
prototypes/global-pyramid/tests/final-ux/1024-my-overview.png	B	yes	Global reference, frozen geometry input, source/tests and referenced architectural evidence
prototypes/global-pyramid/tests/final-ux/1024-my-region-navigation.png	B	yes	Global reference, frozen geometry input, source/tests and referenced architectural evidence
prototypes/global-pyramid/tests/final-ux/1024-project-113.png	B	yes	Global reference, frozen geometry input, source/tests and referenced architectural evidence
prototypes/global-pyramid/tests/final-ux/1024-stage-617.png	B	yes	Global reference, frozen geometry input, source/tests and referenced architectural evidence
prototypes/global-pyramid/tests/final-ux/1440-course-8.png	B	yes	Global reference, frozen geometry input, source/tests and referenced architectural evidence
prototypes/global-pyramid/tests/final-ux/1440-deep-breadcrumb.png	B	yes	Global reference, frozen geometry input, source/tests and referenced architectural evidence
prototypes/global-pyramid/tests/final-ux/1440-dormant-reference.png	B	yes	Global reference, frozen geometry input, source/tests and referenced architectural evidence
prototypes/global-pyramid/tests/final-ux/1440-global.png	B	yes	Global reference, frozen geometry input, source/tests and referenced architectural evidence
prototypes/global-pyramid/tests/final-ux/1440-long-label.png	B	yes	Global reference, frozen geometry input, source/tests and referenced architectural evidence
prototypes/global-pyramid/tests/final-ux/1440-minimap-narrow.png	B	yes	Global reference, frozen geometry input, source/tests and referenced architectural evidence
prototypes/global-pyramid/tests/final-ux/1440-my-deep-topic.png	B	yes	Global reference, frozen geometry input, source/tests and referenced architectural evidence
prototypes/global-pyramid/tests/final-ux/1440-my-java.png	B	yes	Global reference, frozen geometry input, source/tests and referenced architectural evidence
prototypes/global-pyramid/tests/final-ux/1440-my-overview.png	B	yes	Global reference, frozen geometry input, source/tests and referenced architectural evidence
prototypes/global-pyramid/tests/final-ux/1440-my-region-navigation.png	B	yes	Global reference, frozen geometry input, source/tests and referenced architectural evidence
prototypes/global-pyramid/tests/final-ux/1440-project-113.png	B	yes	Global reference, frozen geometry input, source/tests and referenced architectural evidence
prototypes/global-pyramid/tests/final-ux/1440-stage-617.png	B	yes	Global reference, frozen geometry input, source/tests and referenced architectural evidence
prototypes/global-pyramid/tests/final-ux/1920-course-8.png	B	yes	Global reference, frozen geometry input, source/tests and referenced architectural evidence
prototypes/global-pyramid/tests/final-ux/1920-deep-breadcrumb.png	B	yes	Global reference, frozen geometry input, source/tests and referenced architectural evidence
prototypes/global-pyramid/tests/final-ux/1920-dormant-reference.png	B	yes	Global reference, frozen geometry input, source/tests and referenced architectural evidence
prototypes/global-pyramid/tests/final-ux/1920-global.png	B	yes	Global reference, frozen geometry input, source/tests and referenced architectural evidence
prototypes/global-pyramid/tests/final-ux/1920-long-label.png	B	yes	Global reference, frozen geometry input, source/tests and referenced architectural evidence
prototypes/global-pyramid/tests/final-ux/1920-minimap-narrow.png	B	yes	Global reference, frozen geometry input, source/tests and referenced architectural evidence
prototypes/global-pyramid/tests/final-ux/1920-my-deep-topic.png	B	yes	Global reference, frozen geometry input, source/tests and referenced architectural evidence
prototypes/global-pyramid/tests/final-ux/1920-my-java.png	B	yes	Global reference, frozen geometry input, source/tests and referenced architectural evidence
prototypes/global-pyramid/tests/final-ux/1920-my-overview.png	B	yes	Global reference, frozen geometry input, source/tests and referenced architectural evidence
prototypes/global-pyramid/tests/final-ux/1920-my-region-navigation.png	B	yes	Global reference, frozen geometry input, source/tests and referenced architectural evidence
prototypes/global-pyramid/tests/final-ux/1920-project-113.png	B	yes	Global reference, frozen geometry input, source/tests and referenced architectural evidence
prototypes/global-pyramid/tests/final-ux/1920-stage-617.png	B	yes	Global reference, frozen geometry input, source/tests and referenced architectural evidence
prototypes/global-pyramid/tests/final-ux/browser-console.txt	B	yes	Global reference, frozen geometry input, source/tests and referenced architectural evidence
prototypes/global-pyramid/tests/final-ux/browser-results.json	B	yes	Global reference, frozen geometry input, source/tests and referenced architectural evidence
prototypes/global-pyramid/tests/final-ux/catalog-regression.txt	B	yes	Global reference, frozen geometry input, source/tests and referenced architectural evidence
prototypes/global-pyramid/tests/final-ux/files.json	B	yes	Global reference, frozen geometry input, source/tests and referenced architectural evidence
prototypes/global-pyramid/tests/final-ux/integrity.json	B	yes	Global reference, frozen geometry input, source/tests and referenced architectural evidence
prototypes/global-pyramid/tests/final-ux/legacy-console.txt	B	yes	Global reference, frozen geometry input, source/tests and referenced architectural evidence
prototypes/global-pyramid/tests/final-ux/legacy-smoke/browser-results.json	B	yes	Global reference, frozen geometry input, source/tests and referenced architectural evidence
prototypes/global-pyramid/tests/final-ux/legacy-smoke/computer-science.png	B	yes	Global reference, frozen geometry input, source/tests and referenced architectural evidence
prototypes/global-pyramid/tests/final-ux/legacy-smoke/course-8.png	B	yes	Global reference, frozen geometry input, source/tests and referenced architectural evidence
prototypes/global-pyramid/tests/final-ux/legacy-smoke/deep-branch.png	B	yes	Global reference, frozen geometry input, source/tests and referenced architectural evidence
prototypes/global-pyramid/tests/final-ux/legacy-smoke/deep-focus.png	B	yes	Global reference, frozen geometry input, source/tests and referenced architectural evidence
prototypes/global-pyramid/tests/final-ux/legacy-smoke/global-overview.png	B	yes	Global reference, frozen geometry input, source/tests and referenced architectural evidence
prototypes/global-pyramid/tests/final-ux/legacy-smoke/my-atlas-java-focus.png	B	yes	Global reference, frozen geometry input, source/tests and referenced architectural evidence
prototypes/global-pyramid/tests/final-ux/legacy-smoke/my-atlas.png	B	yes	Global reference, frozen geometry input, source/tests and referenced architectural evidence
prototypes/global-pyramid/tests/final-ux/legacy-smoke/project-113.png	B	yes	Global reference, frozen geometry input, source/tests and referenced architectural evidence
prototypes/global-pyramid/tests/final-ux/legacy-smoke/project-stage.png	B	yes	Global reference, frozen geometry input, source/tests and referenced architectural evidence
prototypes/global-pyramid/tests/final-ux/legacy-smoke/unresolved-focus.png	B	yes	Global reference, frozen geometry input, source/tests and referenced architectural evidence
prototypes/global-pyramid/tests/final-ux/prior-ux-console.txt	B	yes	Global reference, frozen geometry input, source/tests and referenced architectural evidence
prototypes/global-pyramid/tests/final-ux/prior-ux/1024-course-8.png	B	yes	Global reference, frozen geometry input, source/tests and referenced architectural evidence
prototypes/global-pyramid/tests/final-ux/prior-ux/1024-deep-active-topic.png	B	yes	Global reference, frozen geometry input, source/tests and referenced architectural evidence
prototypes/global-pyramid/tests/final-ux/prior-ux/1024-dormant-reference.png	B	yes	Global reference, frozen geometry input, source/tests and referenced architectural evidence
prototypes/global-pyramid/tests/final-ux/prior-ux/1024-global.png	B	yes	Global reference, frozen geometry input, source/tests and referenced architectural evidence
prototypes/global-pyramid/tests/final-ux/prior-ux/1024-minimap-narrow-project.png	B	yes	Global reference, frozen geometry input, source/tests and referenced architectural evidence
prototypes/global-pyramid/tests/final-ux/prior-ux/1024-my-active-only.png	B	yes	Global reference, frozen geometry input, source/tests and referenced architectural evidence
prototypes/global-pyramid/tests/final-ux/prior-ux/1024-my-ancestors.png	B	yes	Global reference, frozen geometry input, source/tests and referenced architectural evidence
prototypes/global-pyramid/tests/final-ux/prior-ux/1024-my-default.png	B	yes	Global reference, frozen geometry input, source/tests and referenced architectural evidence
prototypes/global-pyramid/tests/final-ux/prior-ux/1024-my-ghosts.png	B	yes	Global reference, frozen geometry input, source/tests and referenced architectural evidence
prototypes/global-pyramid/tests/final-ux/prior-ux/1024-my-java.png	B	yes	Global reference, frozen geometry input, source/tests and referenced architectural evidence
prototypes/global-pyramid/tests/final-ux/prior-ux/1024-project-113.png	B	yes	Global reference, frozen geometry input, source/tests and referenced architectural evidence
prototypes/global-pyramid/tests/final-ux/prior-ux/1024-project-topic-group.png	B	yes	Global reference, frozen geometry input, source/tests and referenced architectural evidence
prototypes/global-pyramid/tests/final-ux/prior-ux/1024-stage-617.png	B	yes	Global reference, frozen geometry input, source/tests and referenced architectural evidence
prototypes/global-pyramid/tests/final-ux/prior-ux/1024-unknown-project.png	B	yes	Global reference, frozen geometry input, source/tests and referenced architectural evidence
prototypes/global-pyramid/tests/final-ux/prior-ux/1440-course-8.png	B	yes	Global reference, frozen geometry input, source/tests and referenced architectural evidence
prototypes/global-pyramid/tests/final-ux/prior-ux/1440-deep-active-topic.png	B	yes	Global reference, frozen geometry input, source/tests and referenced architectural evidence
prototypes/global-pyramid/tests/final-ux/prior-ux/1440-dormant-reference.png	B	yes	Global reference, frozen geometry input, source/tests and referenced architectural evidence
prototypes/global-pyramid/tests/final-ux/prior-ux/1440-global.png	B	yes	Global reference, frozen geometry input, source/tests and referenced architectural evidence
prototypes/global-pyramid/tests/final-ux/prior-ux/1440-minimap-narrow-project.png	B	yes	Global reference, frozen geometry input, source/tests and referenced architectural evidence
prototypes/global-pyramid/tests/final-ux/prior-ux/1440-my-active-only.png	B	yes	Global reference, frozen geometry input, source/tests and referenced architectural evidence
prototypes/global-pyramid/tests/final-ux/prior-ux/1440-my-ancestors.png	B	yes	Global reference, frozen geometry input, source/tests and referenced architectural evidence
prototypes/global-pyramid/tests/final-ux/prior-ux/1440-my-default.png	B	yes	Global reference, frozen geometry input, source/tests and referenced architectural evidence
prototypes/global-pyramid/tests/final-ux/prior-ux/1440-my-ghosts.png	B	yes	Global reference, frozen geometry input, source/tests and referenced architectural evidence
prototypes/global-pyramid/tests/final-ux/prior-ux/1440-my-java.png	B	yes	Global reference, frozen geometry input, source/tests and referenced architectural evidence
prototypes/global-pyramid/tests/final-ux/prior-ux/1440-project-113.png	B	yes	Global reference, frozen geometry input, source/tests and referenced architectural evidence
prototypes/global-pyramid/tests/final-ux/prior-ux/1440-project-topic-group.png	B	yes	Global reference, frozen geometry input, source/tests and referenced architectural evidence
prototypes/global-pyramid/tests/final-ux/prior-ux/1440-stage-617.png	B	yes	Global reference, frozen geometry input, source/tests and referenced architectural evidence
prototypes/global-pyramid/tests/final-ux/prior-ux/1440-unknown-project.png	B	yes	Global reference, frozen geometry input, source/tests and referenced architectural evidence
prototypes/global-pyramid/tests/final-ux/prior-ux/1920-course-8.png	B	yes	Global reference, frozen geometry input, source/tests and referenced architectural evidence
prototypes/global-pyramid/tests/final-ux/prior-ux/1920-deep-active-topic.png	B	yes	Global reference, frozen geometry input, source/tests and referenced architectural evidence
prototypes/global-pyramid/tests/final-ux/prior-ux/1920-dormant-reference.png	B	yes	Global reference, frozen geometry input, source/tests and referenced architectural evidence
prototypes/global-pyramid/tests/final-ux/prior-ux/1920-global.png	B	yes	Global reference, frozen geometry input, source/tests and referenced architectural evidence
prototypes/global-pyramid/tests/final-ux/prior-ux/1920-minimap-narrow-project.png	B	yes	Global reference, frozen geometry input, source/tests and referenced architectural evidence
prototypes/global-pyramid/tests/final-ux/prior-ux/1920-my-active-only.png	B	yes	Global reference, frozen geometry input, source/tests and referenced architectural evidence
prototypes/global-pyramid/tests/final-ux/prior-ux/1920-my-ancestors.png	B	yes	Global reference, frozen geometry input, source/tests and referenced architectural evidence
prototypes/global-pyramid/tests/final-ux/prior-ux/1920-my-default.png	B	yes	Global reference, frozen geometry input, source/tests and referenced architectural evidence
prototypes/global-pyramid/tests/final-ux/prior-ux/1920-my-ghosts.png	B	yes	Global reference, frozen geometry input, source/tests and referenced architectural evidence
prototypes/global-pyramid/tests/final-ux/prior-ux/1920-my-java.png	B	yes	Global reference, frozen geometry input, source/tests and referenced architectural evidence
prototypes/global-pyramid/tests/final-ux/prior-ux/1920-project-113.png	B	yes	Global reference, frozen geometry input, source/tests and referenced architectural evidence
prototypes/global-pyramid/tests/final-ux/prior-ux/1920-project-topic-group.png	B	yes	Global reference, frozen geometry input, source/tests and referenced architectural evidence
prototypes/global-pyramid/tests/final-ux/prior-ux/1920-stage-617.png	B	yes	Global reference, frozen geometry input, source/tests and referenced architectural evidence
prototypes/global-pyramid/tests/final-ux/prior-ux/1920-unknown-project.png	B	yes	Global reference, frozen geometry input, source/tests and referenced architectural evidence
prototypes/global-pyramid/tests/final-ux/prior-ux/browser-results.json	B	yes	Global reference, frozen geometry input, source/tests and referenced architectural evidence
prototypes/global-pyramid/tests/final-ux/production-regression.txt	B	yes	Global reference, frozen geometry input, source/tests and referenced architectural evidence
prototypes/global-pyramid/tests/final-ux/test-console.txt	B	yes	Global reference, frozen geometry input, source/tests and referenced architectural evidence
prototypes/global-pyramid/tests/global-overview.png	B	yes	Global reference, frozen geometry input, source/tests and referenced architectural evidence
prototypes/global-pyramid/tests/integrity.json	B	yes	Global reference, frozen geometry input, source/tests and referenced architectural evidence
prototypes/global-pyramid/tests/measure.py	A	yes	Global reference, frozen geometry input, source/tests and referenced architectural evidence
prototypes/global-pyramid/tests/my-atlas-java-focus.png	B	yes	Global reference, frozen geometry input, source/tests and referenced architectural evidence
prototypes/global-pyramid/tests/my-atlas.png	B	yes	Global reference, frozen geometry input, source/tests and referenced architectural evidence
prototypes/global-pyramid/tests/project-113.png	B	yes	Global reference, frozen geometry input, source/tests and referenced architectural evidence
prototypes/global-pyramid/tests/project-stage.png	B	yes	Global reference, frozen geometry input, source/tests and referenced architectural evidence
prototypes/global-pyramid/tests/test-console.txt	B	yes	Global reference, frozen geometry input, source/tests and referenced architectural evidence
prototypes/global-pyramid/tests/test_final_ux.py	A	yes	Global reference, frozen geometry input, source/tests and referenced architectural evidence
prototypes/global-pyramid/tests/test_model.py	A	yes	Global reference, frozen geometry input, source/tests and referenced architectural evidence
prototypes/global-pyramid/tests/test_ux.py	A	yes	Global reference, frozen geometry input, source/tests and referenced architectural evidence
prototypes/global-pyramid/tests/unresolved-focus.png	B	yes	Global reference, frozen geometry input, source/tests and referenced architectural evidence
prototypes/global-pyramid/tests/ux-baseline.json	B	yes	Global reference, frozen geometry input, source/tests and referenced architectural evidence
prototypes/global-pyramid/tests/ux.cjs	A	yes	Global reference, frozen geometry input, source/tests and referenced architectural evidence
prototypes/global-pyramid/tests/ux/1024-course-8.png	B	yes	Global reference, frozen geometry input, source/tests and referenced architectural evidence
prototypes/global-pyramid/tests/ux/1024-deep-active-topic.png	B	yes	Global reference, frozen geometry input, source/tests and referenced architectural evidence
prototypes/global-pyramid/tests/ux/1024-dormant-reference.png	B	yes	Global reference, frozen geometry input, source/tests and referenced architectural evidence
prototypes/global-pyramid/tests/ux/1024-global.png	B	yes	Global reference, frozen geometry input, source/tests and referenced architectural evidence
prototypes/global-pyramid/tests/ux/1024-minimap-narrow-project.png	B	yes	Global reference, frozen geometry input, source/tests and referenced architectural evidence
prototypes/global-pyramid/tests/ux/1024-my-active-only.png	B	yes	Global reference, frozen geometry input, source/tests and referenced architectural evidence
prototypes/global-pyramid/tests/ux/1024-my-ancestors.png	B	yes	Global reference, frozen geometry input, source/tests and referenced architectural evidence
prototypes/global-pyramid/tests/ux/1024-my-default.png	B	yes	Global reference, frozen geometry input, source/tests and referenced architectural evidence
prototypes/global-pyramid/tests/ux/1024-my-ghosts.png	B	yes	Global reference, frozen geometry input, source/tests and referenced architectural evidence
prototypes/global-pyramid/tests/ux/1024-my-java.png	B	yes	Global reference, frozen geometry input, source/tests and referenced architectural evidence
prototypes/global-pyramid/tests/ux/1024-project-113.png	B	yes	Global reference, frozen geometry input, source/tests and referenced architectural evidence
prototypes/global-pyramid/tests/ux/1024-project-topic-group.png	B	yes	Global reference, frozen geometry input, source/tests and referenced architectural evidence
prototypes/global-pyramid/tests/ux/1024-stage-617.png	B	yes	Global reference, frozen geometry input, source/tests and referenced architectural evidence
prototypes/global-pyramid/tests/ux/1024-unknown-project.png	B	yes	Global reference, frozen geometry input, source/tests and referenced architectural evidence
prototypes/global-pyramid/tests/ux/1440-course-8.png	B	yes	Global reference, frozen geometry input, source/tests and referenced architectural evidence
prototypes/global-pyramid/tests/ux/1440-deep-active-topic.png	B	yes	Global reference, frozen geometry input, source/tests and referenced architectural evidence
prototypes/global-pyramid/tests/ux/1440-dormant-reference.png	B	yes	Global reference, frozen geometry input, source/tests and referenced architectural evidence
prototypes/global-pyramid/tests/ux/1440-global.png	B	yes	Global reference, frozen geometry input, source/tests and referenced architectural evidence
prototypes/global-pyramid/tests/ux/1440-minimap-narrow-project.png	B	yes	Global reference, frozen geometry input, source/tests and referenced architectural evidence
prototypes/global-pyramid/tests/ux/1440-my-active-only.png	B	yes	Global reference, frozen geometry input, source/tests and referenced architectural evidence
prototypes/global-pyramid/tests/ux/1440-my-ancestors.png	B	yes	Global reference, frozen geometry input, source/tests and referenced architectural evidence
prototypes/global-pyramid/tests/ux/1440-my-default.png	B	yes	Global reference, frozen geometry input, source/tests and referenced architectural evidence
prototypes/global-pyramid/tests/ux/1440-my-ghosts.png	B	yes	Global reference, frozen geometry input, source/tests and referenced architectural evidence
prototypes/global-pyramid/tests/ux/1440-my-java.png	B	yes	Global reference, frozen geometry input, source/tests and referenced architectural evidence
prototypes/global-pyramid/tests/ux/1440-project-113.png	B	yes	Global reference, frozen geometry input, source/tests and referenced architectural evidence
prototypes/global-pyramid/tests/ux/1440-project-topic-group.png	B	yes	Global reference, frozen geometry input, source/tests and referenced architectural evidence
prototypes/global-pyramid/tests/ux/1440-stage-617.png	B	yes	Global reference, frozen geometry input, source/tests and referenced architectural evidence
prototypes/global-pyramid/tests/ux/1440-unknown-project.png	B	yes	Global reference, frozen geometry input, source/tests and referenced architectural evidence
prototypes/global-pyramid/tests/ux/1920-course-8.png	B	yes	Global reference, frozen geometry input, source/tests and referenced architectural evidence
prototypes/global-pyramid/tests/ux/1920-deep-active-topic.png	B	yes	Global reference, frozen geometry input, source/tests and referenced architectural evidence
prototypes/global-pyramid/tests/ux/1920-dormant-reference.png	B	yes	Global reference, frozen geometry input, source/tests and referenced architectural evidence
prototypes/global-pyramid/tests/ux/1920-global.png	B	yes	Global reference, frozen geometry input, source/tests and referenced architectural evidence
prototypes/global-pyramid/tests/ux/1920-minimap-narrow-project.png	B	yes	Global reference, frozen geometry input, source/tests and referenced architectural evidence
prototypes/global-pyramid/tests/ux/1920-my-active-only.png	B	yes	Global reference, frozen geometry input, source/tests and referenced architectural evidence
prototypes/global-pyramid/tests/ux/1920-my-ancestors.png	B	yes	Global reference, frozen geometry input, source/tests and referenced architectural evidence
prototypes/global-pyramid/tests/ux/1920-my-default.png	B	yes	Global reference, frozen geometry input, source/tests and referenced architectural evidence
prototypes/global-pyramid/tests/ux/1920-my-ghosts.png	B	yes	Global reference, frozen geometry input, source/tests and referenced architectural evidence
prototypes/global-pyramid/tests/ux/1920-my-java.png	B	yes	Global reference, frozen geometry input, source/tests and referenced architectural evidence
prototypes/global-pyramid/tests/ux/1920-project-113.png	B	yes	Global reference, frozen geometry input, source/tests and referenced architectural evidence
prototypes/global-pyramid/tests/ux/1920-project-topic-group.png	B	yes	Global reference, frozen geometry input, source/tests and referenced architectural evidence
prototypes/global-pyramid/tests/ux/1920-stage-617.png	B	yes	Global reference, frozen geometry input, source/tests and referenced architectural evidence
prototypes/global-pyramid/tests/ux/1920-unknown-project.png	B	yes	Global reference, frozen geometry input, source/tests and referenced architectural evidence
prototypes/global-pyramid/tests/ux/browser-results.json	B	yes	Global reference, frozen geometry input, source/tests and referenced architectural evidence
prototypes/global-pyramid/tests/ux/catalog-regression.txt	B	yes	Global reference, frozen geometry input, source/tests and referenced architectural evidence
prototypes/global-pyramid/tests/ux/files.json	B	yes	Global reference, frozen geometry input, source/tests and referenced architectural evidence
prototypes/global-pyramid/tests/ux/integrity.json	B	yes	Global reference, frozen geometry input, source/tests and referenced architectural evidence
prototypes/global-pyramid/tests/ux/legacy-smoke-console.txt	B	yes	Global reference, frozen geometry input, source/tests and referenced architectural evidence
prototypes/global-pyramid/tests/ux/legacy-smoke/browser-results.json	B	yes	Global reference, frozen geometry input, source/tests and referenced architectural evidence
prototypes/global-pyramid/tests/ux/legacy-smoke/computer-science.png	B	yes	Global reference, frozen geometry input, source/tests and referenced architectural evidence
prototypes/global-pyramid/tests/ux/legacy-smoke/course-8.png	B	yes	Global reference, frozen geometry input, source/tests and referenced architectural evidence
prototypes/global-pyramid/tests/ux/legacy-smoke/deep-branch.png	B	yes	Global reference, frozen geometry input, source/tests and referenced architectural evidence
prototypes/global-pyramid/tests/ux/legacy-smoke/deep-focus.png	B	yes	Global reference, frozen geometry input, source/tests and referenced architectural evidence
prototypes/global-pyramid/tests/ux/legacy-smoke/global-overview.png	B	yes	Global reference, frozen geometry input, source/tests and referenced architectural evidence
prototypes/global-pyramid/tests/ux/legacy-smoke/my-atlas-java-focus.png	B	yes	Global reference, frozen geometry input, source/tests and referenced architectural evidence
prototypes/global-pyramid/tests/ux/legacy-smoke/my-atlas.png	B	yes	Global reference, frozen geometry input, source/tests and referenced architectural evidence
prototypes/global-pyramid/tests/ux/legacy-smoke/project-113.png	B	yes	Global reference, frozen geometry input, source/tests and referenced architectural evidence
prototypes/global-pyramid/tests/ux/legacy-smoke/project-stage.png	B	yes	Global reference, frozen geometry input, source/tests and referenced architectural evidence
prototypes/global-pyramid/tests/ux/legacy-smoke/unresolved-focus.png	B	yes	Global reference, frozen geometry input, source/tests and referenced architectural evidence
prototypes/global-pyramid/tests/ux/production-regression.txt	B	yes	Global reference, frozen geometry input, source/tests and referenced architectural evidence
prototypes/global-pyramid/tests/ux/test-console.txt	B	yes	Global reference, frozen geometry input, source/tests and referenced architectural evidence
prototypes/global-pyramid/tests/validation.json	B	yes	Global reference, frozen geometry input, source/tests and referenced architectural evidence
prototypes/global-pyramid/ux.js	A	yes	Global reference, frozen geometry input, source/tests and referenced architectural evidence
prototypes/knowledge-atlas-activation/.gitignore	D	yes	Referenced V6/activation architecture and regression source/fixtures/evidence
prototypes/knowledge-atlas-activation/README.md	D	yes	Referenced V6/activation architecture and regression source/fixtures/evidence
prototypes/knowledge-atlas-activation/activation-geometry.js	D	yes	Referenced V6/activation architecture and regression source/fixtures/evidence
prototypes/knowledge-atlas-activation/app.js	D	yes	Referenced V6/activation architecture and regression source/fixtures/evidence
prototypes/knowledge-atlas-activation/audit-protected.py	D	yes	Referenced V6/activation architecture and regression source/fixtures/evidence
prototypes/knowledge-atlas-activation/build-fixtures.py	D	yes	Referenced V6/activation architecture and regression source/fixtures/evidence
prototypes/knowledge-atlas-activation/fixtures/scenarios.json	D	yes	Referenced V6/activation architecture and regression source/fixtures/evidence
prototypes/knowledge-atlas-activation/index.html	D	yes	Referenced V6/activation architecture and regression source/fixtures/evidence
prototypes/knowledge-atlas-activation/preview.js	D	yes	Referenced V6/activation architecture and regression source/fixtures/evidence
prototypes/knowledge-atlas-activation/reports/REVIEW.md	D	yes	Referenced V6/activation architecture and regression source/fixtures/evidence
prototypes/knowledge-atlas-activation/reports/VISUAL-REFINEMENT.md	D	yes	Referenced V6/activation architecture and regression source/fixtures/evidence
prototypes/knowledge-atlas-activation/reports/baseline.json	D	yes	Referenced V6/activation architecture and regression source/fixtures/evidence
prototypes/knowledge-atlas-activation/reports/blocked.json	D	yes	Referenced V6/activation architecture and regression source/fixtures/evidence
prototypes/knowledge-atlas-activation/reports/large.json	D	yes	Referenced V6/activation architecture and regression source/fixtures/evidence
prototypes/knowledge-atlas-activation/reports/major.json	D	yes	Referenced V6/activation architecture and regression source/fixtures/evidence
prototypes/knowledge-atlas-activation/reports/new-root.json	D	yes	Referenced V6/activation architecture and regression source/fixtures/evidence
prototypes/knowledge-atlas-activation/reports/protected-before.json	C	no	Ignored historical disposable validation output; not an active input
prototypes/knowledge-atlas-activation/reports/refinement-before.json	D	yes	Referenced V6/activation architecture and regression source/fixtures/evidence
prototypes/knowledge-atlas-activation/reports/small-variant-comparison.json	D	yes	Referenced V6/activation architecture and regression source/fixtures/evidence
prototypes/knowledge-atlas-activation/reports/small.json	D	yes	Referenced V6/activation architecture and regression source/fixtures/evidence
prototypes/knowledge-atlas-activation/reports/validation-core.json	D	yes	Referenced V6/activation architecture and regression source/fixtures/evidence
prototypes/knowledge-atlas-activation/reports/validation.json	D	yes	Referenced V6/activation architecture and regression source/fixtures/evidence
prototypes/knowledge-atlas-activation/reports/variants-validation.json	D	yes	Referenced V6/activation architecture and regression source/fixtures/evidence
prototypes/knowledge-atlas-activation/small-variants.js	D	yes	Referenced V6/activation architecture and regression source/fixtures/evidence
prototypes/knowledge-atlas-activation/style.css	D	yes	Referenced V6/activation architecture and regression source/fixtures/evidence
prototypes/knowledge-atlas-activation/tests/browser.cjs	D	yes	Referenced V6/activation architecture and regression source/fixtures/evidence
prototypes/knowledge-atlas-activation/tests/output/01-baseline-overview.png	C	no	Ignored historical disposable validation output; not an active input
prototypes/knowledge-atlas-activation/tests/output/02-small-overview.png	C	no	Ignored historical disposable validation output; not an active input
prototypes/knowledge-atlas-activation/tests/output/03-small-focus.png	C	no	Ignored historical disposable validation output; not an active input
prototypes/knowledge-atlas-activation/tests/output/04-large-overview.png	C	no	Ignored historical disposable validation output; not an active input
prototypes/knowledge-atlas-activation/tests/output/05-large-refusal-focus.png	C	no	Ignored historical disposable validation output; not an active input
prototypes/knowledge-atlas-activation/tests/output/06-blocked-metadata.png	C	no	Ignored historical disposable validation output; not an active input
prototypes/knowledge-atlas-activation/tests/output/07-new-root-refusal.png	C	no	Ignored historical disposable validation output; not an active input
prototypes/knowledge-atlas-activation/tests/output/08-mobile-small.png	C	no	Ignored historical disposable validation output; not an active input
prototypes/knowledge-atlas-activation/tests/output/1024-dark-small-focus.png	C	no	Ignored historical disposable validation output; not an active input
prototypes/knowledge-atlas-activation/tests/output/1024-light-small-focus.png	C	no	Ignored historical disposable validation output; not an active input
prototypes/knowledge-atlas-activation/tests/output/1200-dark-small-focus.png	C	no	Ignored historical disposable validation output; not an active input
prototypes/knowledge-atlas-activation/tests/output/1200-light-small-focus.png	C	no	Ignored historical disposable validation output; not an active input
prototypes/knowledge-atlas-activation/tests/output/1280-dark-small-focus.png	C	no	Ignored historical disposable validation output; not an active input
prototypes/knowledge-atlas-activation/tests/output/1280-light-small-focus.png	C	no	Ignored historical disposable validation output; not an active input
prototypes/knowledge-atlas-activation/tests/output/1440-dark-small-focus.png	C	no	Ignored historical disposable validation output; not an active input
prototypes/knowledge-atlas-activation/tests/output/1440-light-small-focus.png	C	no	Ignored historical disposable validation output; not an active input
prototypes/knowledge-atlas-activation/tests/output/1920-dark-small-focus.png	C	no	Ignored historical disposable validation output; not an active input
prototypes/knowledge-atlas-activation/tests/output/1920-light-small-focus.png	C	no	Ignored historical disposable validation output; not an active input
prototypes/knowledge-atlas-activation/tests/output/320-dark-small-focus.png	C	no	Ignored historical disposable validation output; not an active input
prototypes/knowledge-atlas-activation/tests/output/320-light-small-focus.png	C	no	Ignored historical disposable validation output; not an active input
prototypes/knowledge-atlas-activation/tests/output/390-dark-small-focus.png	C	no	Ignored historical disposable validation output; not an active input
prototypes/knowledge-atlas-activation/tests/output/390-light-small-focus.png	C	no	Ignored historical disposable validation output; not an active input
prototypes/knowledge-atlas-activation/tests/output/430-dark-small-focus.png	C	no	Ignored historical disposable validation output; not an active input
prototypes/knowledge-atlas-activation/tests/output/430-light-small-focus.png	C	no	Ignored historical disposable validation output; not an active input
prototypes/knowledge-atlas-activation/tests/output/768-dark-small-focus.png	C	no	Ignored historical disposable validation output; not an active input
prototypes/knowledge-atlas-activation/tests/output/768-light-small-focus.png	C	no	Ignored historical disposable validation output; not an active input
prototypes/knowledge-atlas-activation/tests/output/baseline-geometry.json	C	no	Ignored historical disposable validation output; not an active input
prototypes/knowledge-atlas-activation/tests/output/blocked-geometry.json	C	no	Ignored historical disposable validation output; not an active input
prototypes/knowledge-atlas-activation/tests/output/large-geometry.json	C	no	Ignored historical disposable validation output; not an active input
prototypes/knowledge-atlas-activation/tests/output/major-geometry.json	C	no	Ignored historical disposable validation output; not an active input
prototypes/knowledge-atlas-activation/tests/output/new-root-geometry.json	C	no	Ignored historical disposable validation output; not an active input
prototypes/knowledge-atlas-activation/tests/output/small-balanced-focused.png	C	no	Ignored historical disposable validation output; not an active input
prototypes/knowledge-atlas-activation/tests/output/small-balanced-geometry.json	C	no	Ignored historical disposable validation output; not an active input
prototypes/knowledge-atlas-activation/tests/output/small-balanced.png	C	no	Ignored historical disposable validation output; not an active input
prototypes/knowledge-atlas-activation/tests/output/small-centering-focused.png	C	no	Ignored historical disposable validation output; not an active input
prototypes/knowledge-atlas-activation/tests/output/small-centering-geometry.json	C	no	Ignored historical disposable validation output; not an active input
prototypes/knowledge-atlas-activation/tests/output/small-centering.png	C	no	Ignored historical disposable validation output; not an active input
prototypes/knowledge-atlas-activation/tests/output/small-connector-focused.png	C	no	Ignored historical disposable validation output; not an active input
prototypes/knowledge-atlas-activation/tests/output/small-connector-geometry.json	C	no	Ignored historical disposable validation output; not an active input
prototypes/knowledge-atlas-activation/tests/output/small-connector.png	C	no	Ignored historical disposable validation output; not an active input
prototypes/knowledge-atlas-activation/tests/output/small-current-focused.png	C	no	Ignored historical disposable validation output; not an active input
prototypes/knowledge-atlas-activation/tests/output/small-current-geometry.json	C	no	Ignored historical disposable validation output; not an active input
prototypes/knowledge-atlas-activation/tests/output/small-current.png	C	no	Ignored historical disposable validation output; not an active input
prototypes/knowledge-atlas-activation/tests/output/small-geometry.json	C	no	Ignored historical disposable validation output; not an active input
prototypes/knowledge-atlas-activation/tests/output/small-parent-distance-focused.png	C	no	Ignored historical disposable validation output; not an active input
prototypes/knowledge-atlas-activation/tests/output/small-parent-distance-geometry.json	C	no	Ignored historical disposable validation output; not an active input
prototypes/knowledge-atlas-activation/tests/output/small-parent-distance.png	C	no	Ignored historical disposable validation output; not an active input
prototypes/knowledge-atlas-activation/tests/output/variants-1440-dark.png	C	no	Ignored historical disposable validation output; not an active input
prototypes/knowledge-atlas-activation/tests/output/variants-1440-light.png	C	no	Ignored historical disposable validation output; not an active input
prototypes/knowledge-atlas-activation/tests/output/variants-390-dark.png	C	no	Ignored historical disposable validation output; not an active input
prototypes/knowledge-atlas-activation/tests/output/variants-390-light.png	C	no	Ignored historical disposable validation output; not an active input
prototypes/knowledge-atlas-activation/tests/test_integrity.py	D	yes	Referenced V6/activation architecture and regression source/fixtures/evidence
prototypes/knowledge-atlas-activation/tests/variants.cjs	D	yes	Referenced V6/activation architecture and regression source/fixtures/evidence
prototypes/knowledge-atlas-v6/ARCHITECTURE.md	D	yes	Referenced V6/activation architecture and regression source/fixtures/evidence
prototypes/knowledge-atlas-v6/RELATIONS-VALIDATION.md	D	yes	Referenced V6/activation architecture and regression source/fixtures/evidence
prototypes/knowledge-atlas-v6/VALIDATION.md	D	yes	Referenced V6/activation architecture and regression source/fixtures/evidence
prototypes/knowledge-atlas-v6/build/app.js	F	no	Ignored machine-local metadata/cache/lock
prototypes/knowledge-atlas-v6/build/build-manifest.json	F	no	Ignored machine-local metadata/cache/lock
prototypes/knowledge-atlas-v6/build/geometry.js	F	no	Ignored machine-local metadata/cache/lock
prototypes/knowledge-atlas-v6/build/geometry.json	F	no	Ignored machine-local metadata/cache/lock
prototypes/knowledge-atlas-v6/build/index.html	F	no	Ignored machine-local metadata/cache/lock
prototypes/knowledge-atlas-v6/build/layout-checkpoint.json	F	no	Ignored machine-local metadata/cache/lock
prototypes/knowledge-atlas-v6/build/layout-checkpoint.schema.json	F	no	Ignored machine-local metadata/cache/lock
prototypes/knowledge-atlas-v6/build/layout.js	F	no	Ignored machine-local metadata/cache/lock
prototypes/knowledge-atlas-v6/build/model.js	F	no	Ignored machine-local metadata/cache/lock
prototypes/knowledge-atlas-v6/build/model.json	F	no	Ignored machine-local metadata/cache/lock
prototypes/knowledge-atlas-v6/build/routing.js	F	no	Ignored machine-local metadata/cache/lock
prototypes/knowledge-atlas-v6/build/style.css	F	no	Ignored machine-local metadata/cache/lock
prototypes/knowledge-atlas-v6/build/taxonomy-relations.js	F	no	Ignored machine-local metadata/cache/lock
prototypes/knowledge-atlas-v6/build/update-report.json	F	no	Ignored machine-local metadata/cache/lock
prototypes/knowledge-atlas-v6/build/update-snapshot.json	F	no	Ignored machine-local metadata/cache/lock
prototypes/knowledge-atlas-v6/build/vendor/D3-LICENSE	F	no	Ignored machine-local metadata/cache/lock
prototypes/knowledge-atlas-v6/build/vendor/d3-7.9.0.min.js	F	no	Ignored machine-local metadata/cache/lock
prototypes/knowledge-atlas-v6/tests/1024-default.png	D	yes	Referenced V6/activation architecture and regression source/fixtures/evidence
prototypes/knowledge-atlas-v6/tests/1200-default.png	D	yes	Referenced V6/activation architecture and regression source/fixtures/evidence
prototypes/knowledge-atlas-v6/tests/1280-default.png	D	yes	Referenced V6/activation architecture and regression source/fixtures/evidence
prototypes/knowledge-atlas-v6/tests/1440-basics.png	D	yes	Referenced V6/activation architecture and regression source/fixtures/evidence
prototypes/knowledge-atlas-v6/tests/1440-before-refinement.png	D	yes	Referenced V6/activation architecture and regression source/fixtures/evidence
prototypes/knowledge-atlas-v6/tests/1440-default.png	D	yes	Referenced V6/activation architecture and regression source/fixtures/evidence
prototypes/knowledge-atlas-v6/tests/1440-for-loop.png	D	yes	Referenced V6/activation architecture and regression source/fixtures/evidence
prototypes/knowledge-atlas-v6/tests/1440-light.png	D	yes	Referenced V6/activation architecture and regression source/fixtures/evidence
prototypes/knowledge-atlas-v6/tests/1440-project-coverage.png	D	yes	Referenced V6/activation architecture and regression source/fixtures/evidence
prototypes/knowledge-atlas-v6/tests/1440-project-selection.png	D	yes	Referenced V6/activation architecture and regression source/fixtures/evidence
prototypes/knowledge-atlas-v6/tests/1920-boxed-draft.png	D	yes	Referenced V6/activation architecture and regression source/fixtures/evidence
prototypes/knowledge-atlas-v6/tests/1920-default.png	D	yes	Referenced V6/activation architecture and regression source/fixtures/evidence
prototypes/knowledge-atlas-v6/tests/320-default.png	D	yes	Referenced V6/activation architecture and regression source/fixtures/evidence
prototypes/knowledge-atlas-v6/tests/390-default.png	D	yes	Referenced V6/activation architecture and regression source/fixtures/evidence
prototypes/knowledge-atlas-v6/tests/390-selected.png	D	yes	Referenced V6/activation architecture and regression source/fixtures/evidence
prototypes/knowledge-atlas-v6/tests/430-default.png	D	yes	Referenced V6/activation architecture and regression source/fixtures/evidence
prototypes/knowledge-atlas-v6/tests/768-default.png	D	yes	Referenced V6/activation architecture and regression source/fixtures/evidence
prototypes/knowledge-atlas-v6/tests/advanced-oop.fixture.json	D	yes	Referenced V6/activation architecture and regression source/fixtures/evidence
prototypes/knowledge-atlas-v6/tests/basics-growth.fixture.json	D	yes	Referenced V6/activation architecture and regression source/fixtures/evidence
prototypes/knowledge-atlas-v6/tests/boxed-console.txt	D	yes	Referenced V6/activation architecture and regression source/fixtures/evidence
prototypes/knowledge-atlas-v6/tests/boxed-results.json	D	yes	Referenced V6/activation architecture and regression source/fixtures/evidence
prototypes/knowledge-atlas-v6/tests/boxed.cjs	D	yes	Referenced V6/activation architecture and regression source/fixtures/evidence
prototypes/knowledge-atlas-v6/tests/browser.cjs	D	yes	Referenced V6/activation architecture and regression source/fixtures/evidence
prototypes/knowledge-atlas-v6/tests/compaction-console.txt	D	yes	Referenced V6/activation architecture and regression source/fixtures/evidence
prototypes/knowledge-atlas-v6/tests/compaction-results.json	D	yes	Referenced V6/activation architecture and regression source/fixtures/evidence
prototypes/knowledge-atlas-v6/tests/compaction.cjs	D	yes	Referenced V6/activation architecture and regression source/fixtures/evidence
prototypes/knowledge-atlas-v6/tests/composition-console.txt	D	yes	Referenced V6/activation architecture and regression source/fixtures/evidence
prototypes/knowledge-atlas-v6/tests/composition-performance.json	D	yes	Referenced V6/activation architecture and regression source/fixtures/evidence
prototypes/knowledge-atlas-v6/tests/composition-results.json	D	yes	Referenced V6/activation architecture and regression source/fixtures/evidence
prototypes/knowledge-atlas-v6/tests/composition.cjs	D	yes	Referenced V6/activation architecture and regression source/fixtures/evidence
prototypes/knowledge-atlas-v6/tests/databases.fixture.json	D	yes	Referenced V6/activation architecture and regression source/fixtures/evidence
prototypes/knowledge-atlas-v6/tests/generate-checkpoint.cjs	D	yes	Referenced V6/activation architecture and regression source/fixtures/evidence
prototypes/knowledge-atlas-v6/tests/integrity.py	D	yes	Referenced V6/activation architecture and regression source/fixtures/evidence
prototypes/knowledge-atlas-v6/tests/optimization-results.json	D	yes	Referenced V6/activation architecture and regression source/fixtures/evidence
prototypes/knowledge-atlas-v6/tests/optimize-checkpoint.cjs	D	yes	Referenced V6/activation architecture and regression source/fixtures/evidence
prototypes/knowledge-atlas-v6/tests/presentation-before-refinement.json	D	yes	Referenced V6/activation architecture and regression source/fixtures/evidence
prototypes/knowledge-atlas-v6/tests/readability-console.txt	D	yes	Referenced V6/activation architecture and regression source/fixtures/evidence
prototypes/knowledge-atlas-v6/tests/readability-results.json	D	yes	Referenced V6/activation architecture and regression source/fixtures/evidence
prototypes/knowledge-atlas-v6/tests/readability.cjs	D	yes	Referenced V6/activation architecture and regression source/fixtures/evidence
prototypes/knowledge-atlas-v6/tests/relation-results.json	D	yes	Referenced V6/activation architecture and regression source/fixtures/evidence
prototypes/knowledge-atlas-v6/tests/relations.cjs	D	yes	Referenced V6/activation architecture and regression source/fixtures/evidence
prototypes/knowledge-atlas-v6/tests/release/1440-light-overview.png	D	yes	Referenced V6/activation architecture and regression source/fixtures/evidence
prototypes/knowledge-atlas-v6/tests/release/1920-dark-overview.png	D	yes	Referenced V6/activation architecture and regression source/fixtures/evidence
prototypes/knowledge-atlas-v6/tests/release/390-dark-overview.png	D	yes	Referenced V6/activation architecture and regression source/fixtures/evidence
prototypes/knowledge-atlas-v6/tests/release/browser.cjs	D	yes	Referenced V6/activation architecture and regression source/fixtures/evidence
prototypes/knowledge-atlas-v6/tests/release/build-preview.py	D	yes	Referenced V6/activation architecture and regression source/fixtures/evidence
prototypes/knowledge-atlas-v6/tests/release/final-release-summary.json	D	yes	Referenced V6/activation architecture and regression source/fixtures/evidence
prototypes/knowledge-atlas-v6/tests/release/geometry-preservation.cjs	D	yes	Referenced V6/activation architecture and regression source/fixtures/evidence
prototypes/knowledge-atlas-v6/tests/release/geometry-preservation.json	D	yes	Referenced V6/activation architecture and regression source/fixtures/evidence
prototypes/knowledge-atlas-v6/tests/release/pages-after.json	D	yes	Referenced V6/activation architecture and regression source/fixtures/evidence
prototypes/knowledge-atlas-v6/tests/release/pages-before.json	D	yes	Referenced V6/activation architecture and regression source/fixtures/evidence
prototypes/knowledge-atlas-v6/tests/release/pages-build-after.json	D	yes	Referenced V6/activation architecture and regression source/fixtures/evidence
prototypes/knowledge-atlas-v6/tests/release/profile-head-before.txt	D	yes	Referenced V6/activation architecture and regression source/fixtures/evidence
prototypes/knowledge-atlas-v6/tests/release/profile-readme-after.json	D	yes	Referenced V6/activation architecture and regression source/fixtures/evidence
prototypes/knowledge-atlas-v6/tests/release/profile-readme-before.json	D	yes	Referenced V6/activation architecture and regression source/fixtures/evidence
prototypes/knowledge-atlas-v6/tests/release/protected-after.json	D	yes	Referenced V6/activation architecture and regression source/fixtures/evidence
prototypes/knowledge-atlas-v6/tests/release/protected-before.json	D	yes	Referenced V6/activation architecture and regression source/fixtures/evidence
prototypes/knowledge-atlas-v6/tests/release/public-1440-light-overview.png	D	yes	Referenced V6/activation architecture and regression source/fixtures/evidence
prototypes/knowledge-atlas-v6/tests/release/public-1920-basics.png	D	yes	Referenced V6/activation architecture and regression source/fixtures/evidence
prototypes/knowledge-atlas-v6/tests/release/public-1920-dark-overview.png	D	yes	Referenced V6/activation architecture and regression source/fixtures/evidence
prototypes/knowledge-atlas-v6/tests/release/public-1920-for-loop.png	D	yes	Referenced V6/activation architecture and regression source/fixtures/evidence
prototypes/knowledge-atlas-v6/tests/release/public-1920-java.png	D	yes	Referenced V6/activation architecture and regression source/fixtures/evidence
prototypes/knowledge-atlas-v6/tests/release/public-1920-project-fit.png	D	yes	Referenced V6/activation architecture and regression source/fixtures/evidence
prototypes/knowledge-atlas-v6/tests/release/public-390-basics.png	D	yes	Referenced V6/activation architecture and regression source/fixtures/evidence
prototypes/knowledge-atlas-v6/tests/release/public-390-dark-overview.png	D	yes	Referenced V6/activation architecture and regression source/fixtures/evidence
prototypes/knowledge-atlas-v6/tests/release/public-390-for-loop.png	D	yes	Referenced V6/activation architecture and regression source/fixtures/evidence
prototypes/knowledge-atlas-v6/tests/release/public-390-java.png	D	yes	Referenced V6/activation architecture and regression source/fixtures/evidence
prototypes/knowledge-atlas-v6/tests/release/public-console.txt	D	yes	Referenced V6/activation architecture and regression source/fixtures/evidence
prototypes/knowledge-atlas-v6/tests/release/public-index.html	D	yes	Referenced V6/activation architecture and regression source/fixtures/evidence
prototypes/knowledge-atlas-v6/tests/release/public-manifest.json	D	yes	Referenced V6/activation architecture and regression source/fixtures/evidence
prototypes/knowledge-atlas-v6/tests/release/public-notes.md	D	yes	Referenced V6/activation architecture and regression source/fixtures/evidence
prototypes/knowledge-atlas-v6/tests/release/public-results.json	D	yes	Referenced V6/activation architecture and regression source/fixtures/evidence
prototypes/knowledge-atlas-v6/tests/release/public-touch-results.json	D	yes	Referenced V6/activation architecture and regression source/fixtures/evidence
prototypes/knowledge-atlas-v6/tests/release/release-console.txt	D	yes	Referenced V6/activation architecture and regression source/fixtures/evidence
prototypes/knowledge-atlas-v6/tests/release/release-results.json	D	yes	Referenced V6/activation architecture and regression source/fixtures/evidence
prototypes/knowledge-atlas-v6/tests/release/serve-prefix.py	D	yes	Referenced V6/activation architecture and regression source/fixtures/evidence
prototypes/knowledge-atlas-v6/tests/release/source-after.json	D	yes	Referenced V6/activation architecture and regression source/fixtures/evidence
prototypes/knowledge-atlas-v6/tests/release/source-before.json	D	yes	Referenced V6/activation architecture and regression source/fixtures/evidence
prototypes/knowledge-atlas-v6/tests/release/touch-results.json	D	yes	Referenced V6/activation architecture and regression source/fixtures/evidence
prototypes/knowledge-atlas-v6/tests/release/touch.cjs	D	yes	Referenced V6/activation architecture and regression source/fixtures/evidence
prototypes/knowledge-atlas-v6/tests/results.json	D	yes	Referenced V6/activation architecture and regression source/fixtures/evidence
prototypes/knowledge-atlas-v6/tests/review/v6.1/1440-light-fit-all.png	D	yes	Referenced V6/activation architecture and regression source/fixtures/evidence
prototypes/knowledge-atlas-v6/tests/review/v6.1/1920-dark-fit-all.png	D	yes	Referenced V6/activation architecture and regression source/fixtures/evidence
prototypes/knowledge-atlas-v6/tests/review/v6.1/1920-dark-java-basics.png	D	yes	Referenced V6/activation architecture and regression source/fixtures/evidence
prototypes/knowledge-atlas-v6/tests/review/v6.1/1920-dark-project-113.png	D	yes	Referenced V6/activation architecture and regression source/fixtures/evidence
prototypes/knowledge-atlas-v6/tests/review/v6.1/390-dark-fit-all.png	D	yes	Referenced V6/activation architecture and regression source/fixtures/evidence
prototypes/knowledge-atlas-v6/tests/review/v6.1/390-dark-java-basics.png	D	yes	Referenced V6/activation architecture and regression source/fixtures/evidence
prototypes/knowledge-atlas-v6/tests/review/v6.2/1440-light-fit-all.png	D	yes	Referenced V6/activation architecture and regression source/fixtures/evidence
prototypes/knowledge-atlas-v6/tests/review/v6.2/1920-dark-fit-all.png	D	yes	Referenced V6/activation architecture and regression source/fixtures/evidence
prototypes/knowledge-atlas-v6/tests/review/v6.2/1920-dark-java-basics.png	D	yes	Referenced V6/activation architecture and regression source/fixtures/evidence
prototypes/knowledge-atlas-v6/tests/review/v6.2/1920-dark-project-113.png	D	yes	Referenced V6/activation architecture and regression source/fixtures/evidence
prototypes/knowledge-atlas-v6/tests/review/v6.2/390-dark-fit-all.png	D	yes	Referenced V6/activation architecture and regression source/fixtures/evidence
prototypes/knowledge-atlas-v6/tests/review/v6.2/390-dark-java-basics.png	D	yes	Referenced V6/activation architecture and regression source/fixtures/evidence
prototypes/knowledge-atlas-v6/tests/review/v6.3/1440-light-fit-all.png	D	yes	Referenced V6/activation architecture and regression source/fixtures/evidence
prototypes/knowledge-atlas-v6/tests/review/v6.3/1920-dark-fit-all.png	D	yes	Referenced V6/activation architecture and regression source/fixtures/evidence
prototypes/knowledge-atlas-v6/tests/review/v6.3/1920-dark-java-basics.png	D	yes	Referenced V6/activation architecture and regression source/fixtures/evidence
prototypes/knowledge-atlas-v6/tests/review/v6.3/1920-dark-project-113.png	D	yes	Referenced V6/activation architecture and regression source/fixtures/evidence
prototypes/knowledge-atlas-v6/tests/review/v6.3/390-dark-fit-all.png	D	yes	Referenced V6/activation architecture and regression source/fixtures/evidence
prototypes/knowledge-atlas-v6/tests/review/v6.3/390-dark-java-basics.png	D	yes	Referenced V6/activation architecture and regression source/fixtures/evidence
prototypes/knowledge-atlas-v6/tests/review/v6.3/comparison-mini-1920-basics.png	D	yes	Referenced V6/activation architecture and regression source/fixtures/evidence
prototypes/knowledge-atlas-v6/tests/review/v6.3/comparison-mini-1920-fit-all.png	D	yes	Referenced V6/activation architecture and regression source/fixtures/evidence
prototypes/knowledge-atlas-v6/tests/review/v6.3/comparison-rows-1920-basics.png	D	yes	Referenced V6/activation architecture and regression source/fixtures/evidence
prototypes/knowledge-atlas-v6/tests/review/v6.3/comparison-v6.2-1920-basics.png	D	yes	Referenced V6/activation architecture and regression source/fixtures/evidence
prototypes/knowledge-atlas-v6/tests/review/v6.3/comparison-v6.2-1920-fit-all.png	D	yes	Referenced V6/activation architecture and regression source/fixtures/evidence
prototypes/knowledge-atlas-v6/tests/review/v6.4/1440-light-fit-all.png	D	yes	Referenced V6/activation architecture and regression source/fixtures/evidence
prototypes/knowledge-atlas-v6/tests/review/v6.4/1920-dark-fit-all.png	D	yes	Referenced V6/activation architecture and regression source/fixtures/evidence
prototypes/knowledge-atlas-v6/tests/review/v6.4/1920-dark-java-basics.png	D	yes	Referenced V6/activation architecture and regression source/fixtures/evidence
prototypes/knowledge-atlas-v6/tests/review/v6.4/1920-dark-project-113.png	D	yes	Referenced V6/activation architecture and regression source/fixtures/evidence
prototypes/knowledge-atlas-v6/tests/review/v6.4/390-dark-fit-all.png	D	yes	Referenced V6/activation architecture and regression source/fixtures/evidence
prototypes/knowledge-atlas-v6/tests/review/v6.4/390-dark-java-basics.png	D	yes	Referenced V6/activation architecture and regression source/fixtures/evidence
prototypes/knowledge-atlas-v6/tests/review/v6.4/ARCHITECTURE.md	D	yes	Referenced V6/activation architecture and regression source/fixtures/evidence
prototypes/knowledge-atlas-v6/tests/review/v6.4/VALIDATION.md	D	yes	Referenced V6/activation architecture and regression source/fixtures/evidence
prototypes/knowledge-atlas-v6/tests/review/v6.4/comparison-mini-1920-basics.png	D	yes	Referenced V6/activation architecture and regression source/fixtures/evidence
prototypes/knowledge-atlas-v6/tests/review/v6.4/comparison-mini-1920-fit-all.png	D	yes	Referenced V6/activation architecture and regression source/fixtures/evidence
prototypes/knowledge-atlas-v6/tests/review/v6.4/comparison-rows-1920-basics.png	D	yes	Referenced V6/activation architecture and regression source/fixtures/evidence
prototypes/knowledge-atlas-v6/tests/review/v6.4/comparison-v6.2-1920-basics.png	D	yes	Referenced V6/activation architecture and regression source/fixtures/evidence
prototypes/knowledge-atlas-v6/tests/review/v6.4/comparison-v6.2-1920-fit-all.png	D	yes	Referenced V6/activation architecture and regression source/fixtures/evidence
prototypes/knowledge-atlas-v6/tests/review/v6.4/comparison-v6.3-1920-fit-all.png	D	yes	Referenced V6/activation architecture and regression source/fixtures/evidence
prototypes/knowledge-atlas-v6/tests/review/v6.5/1440-light-fit-all.png	D	yes	Referenced V6/activation architecture and regression source/fixtures/evidence
prototypes/knowledge-atlas-v6/tests/review/v6.5/1920-dark-fit-all.png	D	yes	Referenced V6/activation architecture and regression source/fixtures/evidence
prototypes/knowledge-atlas-v6/tests/review/v6.5/1920-dark-java-zoom.png	D	yes	Referenced V6/activation architecture and regression source/fixtures/evidence
prototypes/knowledge-atlas-v6/tests/review/v6.5/1920-dark-project-113.png	D	yes	Referenced V6/activation architecture and regression source/fixtures/evidence
prototypes/knowledge-atlas-v6/tests/review/v6.5/390-dark-fit-all.png	D	yes	Referenced V6/activation architecture and regression source/fixtures/evidence
prototypes/knowledge-atlas-v6/tests/review/v6.5/390-dark-java-zoom.png	D	yes	Referenced V6/activation architecture and regression source/fixtures/evidence
prototypes/knowledge-atlas-v6/tests/review/v6.5/frozen/ARCHITECTURE.md	D	yes	Referenced V6/activation architecture and regression source/fixtures/evidence
prototypes/knowledge-atlas-v6/tests/review/v6.5/frozen/VALIDATION.md	D	yes	Referenced V6/activation architecture and regression source/fixtures/evidence
prototypes/knowledge-atlas-v6/tests/review/v6.5/frozen/app.js	D	yes	Referenced V6/activation architecture and regression source/fixtures/evidence
prototypes/knowledge-atlas-v6/tests/review/v6.5/frozen/index.html	D	yes	Referenced V6/activation architecture and regression source/fixtures/evidence
prototypes/knowledge-atlas-v6/tests/review/v6.5/frozen/style.css	D	yes	Referenced V6/activation architecture and regression source/fixtures/evidence
prototypes/knowledge-atlas-v6/tests/review/v6.6/1024-dark-basics.png	D	yes	Referenced V6/activation architecture and regression source/fixtures/evidence
prototypes/knowledge-atlas-v6/tests/review/v6.6/1024-dark-for-loop.png	D	yes	Referenced V6/activation architecture and regression source/fixtures/evidence
prototypes/knowledge-atlas-v6/tests/review/v6.6/1024-dark-java.png	D	yes	Referenced V6/activation architecture and regression source/fixtures/evidence
prototypes/knowledge-atlas-v6/tests/review/v6.6/1024-dark-overview.png	D	yes	Referenced V6/activation architecture and regression source/fixtures/evidence
prototypes/knowledge-atlas-v6/tests/review/v6.6/1024-dark-project-fit.png	D	yes	Referenced V6/activation architecture and regression source/fixtures/evidence
prototypes/knowledge-atlas-v6/tests/review/v6.6/1200-dark-basics.png	D	yes	Referenced V6/activation architecture and regression source/fixtures/evidence
prototypes/knowledge-atlas-v6/tests/review/v6.6/1200-dark-for-loop.png	D	yes	Referenced V6/activation architecture and regression source/fixtures/evidence
prototypes/knowledge-atlas-v6/tests/review/v6.6/1200-dark-java.png	D	yes	Referenced V6/activation architecture and regression source/fixtures/evidence
prototypes/knowledge-atlas-v6/tests/review/v6.6/1200-dark-overview.png	D	yes	Referenced V6/activation architecture and regression source/fixtures/evidence
prototypes/knowledge-atlas-v6/tests/review/v6.6/1200-dark-project-fit.png	D	yes	Referenced V6/activation architecture and regression source/fixtures/evidence
prototypes/knowledge-atlas-v6/tests/review/v6.6/1280-dark-basics.png	D	yes	Referenced V6/activation architecture and regression source/fixtures/evidence
prototypes/knowledge-atlas-v6/tests/review/v6.6/1280-dark-for-loop.png	D	yes	Referenced V6/activation architecture and regression source/fixtures/evidence
prototypes/knowledge-atlas-v6/tests/review/v6.6/1280-dark-java.png	D	yes	Referenced V6/activation architecture and regression source/fixtures/evidence
prototypes/knowledge-atlas-v6/tests/review/v6.6/1280-dark-overview.png	D	yes	Referenced V6/activation architecture and regression source/fixtures/evidence
prototypes/knowledge-atlas-v6/tests/review/v6.6/1280-dark-project-fit.png	D	yes	Referenced V6/activation architecture and regression source/fixtures/evidence
prototypes/knowledge-atlas-v6/tests/review/v6.6/1440-dark-basics.png	D	yes	Referenced V6/activation architecture and regression source/fixtures/evidence
prototypes/knowledge-atlas-v6/tests/review/v6.6/1440-dark-for-loop.png	D	yes	Referenced V6/activation architecture and regression source/fixtures/evidence
prototypes/knowledge-atlas-v6/tests/review/v6.6/1440-dark-java.png	D	yes	Referenced V6/activation architecture and regression source/fixtures/evidence
prototypes/knowledge-atlas-v6/tests/review/v6.6/1440-dark-overview.png	D	yes	Referenced V6/activation architecture and regression source/fixtures/evidence
prototypes/knowledge-atlas-v6/tests/review/v6.6/1440-dark-project-fit.png	D	yes	Referenced V6/activation architecture and regression source/fixtures/evidence
prototypes/knowledge-atlas-v6/tests/review/v6.6/1440-light-overview.png	D	yes	Referenced V6/activation architecture and regression source/fixtures/evidence
prototypes/knowledge-atlas-v6/tests/review/v6.6/1920-dark-basics.png	D	yes	Referenced V6/activation architecture and regression source/fixtures/evidence
prototypes/knowledge-atlas-v6/tests/review/v6.6/1920-dark-for-loop.png	D	yes	Referenced V6/activation architecture and regression source/fixtures/evidence
prototypes/knowledge-atlas-v6/tests/review/v6.6/1920-dark-java.png	D	yes	Referenced V6/activation architecture and regression source/fixtures/evidence
prototypes/knowledge-atlas-v6/tests/review/v6.6/1920-dark-overview.png	D	yes	Referenced V6/activation architecture and regression source/fixtures/evidence
prototypes/knowledge-atlas-v6/tests/review/v6.6/1920-dark-project-fit.png	D	yes	Referenced V6/activation architecture and regression source/fixtures/evidence
prototypes/knowledge-atlas-v6/tests/review/v6.6/1920-dark-project-overview.png	D	yes	Referenced V6/activation architecture and regression source/fixtures/evidence
prototypes/knowledge-atlas-v6/tests/review/v6.6/320-dark-basics.png	D	yes	Referenced V6/activation architecture and regression source/fixtures/evidence
prototypes/knowledge-atlas-v6/tests/review/v6.6/320-dark-for-loop.png	D	yes	Referenced V6/activation architecture and regression source/fixtures/evidence
prototypes/knowledge-atlas-v6/tests/review/v6.6/320-dark-java.png	D	yes	Referenced V6/activation architecture and regression source/fixtures/evidence
prototypes/knowledge-atlas-v6/tests/review/v6.6/320-dark-overview.png	D	yes	Referenced V6/activation architecture and regression source/fixtures/evidence
prototypes/knowledge-atlas-v6/tests/review/v6.6/320-dark-project-fit.png	D	yes	Referenced V6/activation architecture and regression source/fixtures/evidence
prototypes/knowledge-atlas-v6/tests/review/v6.6/390-dark-basics.png	D	yes	Referenced V6/activation architecture and regression source/fixtures/evidence
prototypes/knowledge-atlas-v6/tests/review/v6.6/390-dark-for-loop.png	D	yes	Referenced V6/activation architecture and regression source/fixtures/evidence
prototypes/knowledge-atlas-v6/tests/review/v6.6/390-dark-java.png	D	yes	Referenced V6/activation architecture and regression source/fixtures/evidence
prototypes/knowledge-atlas-v6/tests/review/v6.6/390-dark-overview.png	D	yes	Referenced V6/activation architecture and regression source/fixtures/evidence
prototypes/knowledge-atlas-v6/tests/review/v6.6/390-dark-project-fit.png	D	yes	Referenced V6/activation architecture and regression source/fixtures/evidence
prototypes/knowledge-atlas-v6/tests/review/v6.6/430-dark-basics.png	D	yes	Referenced V6/activation architecture and regression source/fixtures/evidence
prototypes/knowledge-atlas-v6/tests/review/v6.6/430-dark-for-loop.png	D	yes	Referenced V6/activation architecture and regression source/fixtures/evidence
prototypes/knowledge-atlas-v6/tests/review/v6.6/430-dark-java.png	D	yes	Referenced V6/activation architecture and regression source/fixtures/evidence
prototypes/knowledge-atlas-v6/tests/review/v6.6/430-dark-overview.png	D	yes	Referenced V6/activation architecture and regression source/fixtures/evidence
prototypes/knowledge-atlas-v6/tests/review/v6.6/430-dark-project-fit.png	D	yes	Referenced V6/activation architecture and regression source/fixtures/evidence
prototypes/knowledge-atlas-v6/tests/review/v6.6/768-dark-basics.png	D	yes	Referenced V6/activation architecture and regression source/fixtures/evidence
prototypes/knowledge-atlas-v6/tests/review/v6.6/768-dark-for-loop.png	D	yes	Referenced V6/activation architecture and regression source/fixtures/evidence
prototypes/knowledge-atlas-v6/tests/review/v6.6/768-dark-java.png	D	yes	Referenced V6/activation architecture and regression source/fixtures/evidence
prototypes/knowledge-atlas-v6/tests/review/v6.6/768-dark-overview.png	D	yes	Referenced V6/activation architecture and regression source/fixtures/evidence
prototypes/knowledge-atlas-v6/tests/review/v6.6/768-dark-project-fit.png	D	yes	Referenced V6/activation architecture and regression source/fixtures/evidence
prototypes/knowledge-atlas-v6/tests/review/v6.6/spatial/1440-light-fit-all.png	D	yes	Referenced V6/activation architecture and regression source/fixtures/evidence
prototypes/knowledge-atlas-v6/tests/review/v6.6/spatial/1920-dark-fit-all.png	D	yes	Referenced V6/activation architecture and regression source/fixtures/evidence
prototypes/knowledge-atlas-v6/tests/review/v6.6/spatial/1920-dark-java-zoom.png	D	yes	Referenced V6/activation architecture and regression source/fixtures/evidence
prototypes/knowledge-atlas-v6/tests/review/v6.6/spatial/1920-dark-project-113.png	D	yes	Referenced V6/activation architecture and regression source/fixtures/evidence
prototypes/knowledge-atlas-v6/tests/review/v6.6/spatial/390-dark-fit-all.png	D	yes	Referenced V6/activation architecture and regression source/fixtures/evidence
prototypes/knowledge-atlas-v6/tests/review/v6.6/spatial/390-dark-java-zoom.png	D	yes	Referenced V6/activation architecture and regression source/fixtures/evidence
prototypes/knowledge-atlas-v6/tests/spatial-browser-console.txt	D	yes	Referenced V6/activation architecture and regression source/fixtures/evidence
prototypes/knowledge-atlas-v6/tests/spatial-console.txt	D	yes	Referenced V6/activation architecture and regression source/fixtures/evidence
prototypes/knowledge-atlas-v6/tests/spatial-readability-console.txt	D	yes	Referenced V6/activation architecture and regression source/fixtures/evidence
prototypes/knowledge-atlas-v6/tests/spatial-results.json	D	yes	Referenced V6/activation architecture and regression source/fixtures/evidence
prototypes/knowledge-atlas-v6/tests/spatial.cjs	D	yes	Referenced V6/activation architecture and regression source/fixtures/evidence
prototypes/knowledge-atlas-v6/tests/taxonomy-relations/1440-light-project-topic.png	D	yes	Referenced V6/activation architecture and regression source/fixtures/evidence
prototypes/knowledge-atlas-v6/tests/taxonomy-relations/1920-basics-all-relations.png	D	yes	Referenced V6/activation architecture and regression source/fixtures/evidence
prototypes/knowledge-atlas-v6/tests/taxonomy-relations/1920-basics-focused-prerequisite.png	D	yes	Referenced V6/activation architecture and regression source/fixtures/evidence
prototypes/knowledge-atlas-v6/tests/taxonomy-relations/1920-cross-major-overview.png	D	yes	Referenced V6/activation architecture and regression source/fixtures/evidence
prototypes/knowledge-atlas-v6/tests/taxonomy-relations/1920-for-loop.png	D	yes	Referenced V6/activation architecture and regression source/fixtures/evidence
prototypes/knowledge-atlas-v6/tests/taxonomy-relations/1920-relation-preview.png	D	yes	Referenced V6/activation architecture and regression source/fixtures/evidence
prototypes/knowledge-atlas-v6/tests/taxonomy-relations/390-topic-focused.png	D	yes	Referenced V6/activation architecture and regression source/fixtures/evidence
prototypes/knowledge-atlas-v6/tests/taxonomy-relations/browser-results.json	D	yes	Referenced V6/activation architecture and regression source/fixtures/evidence
prototypes/knowledge-atlas-v6/tests/taxonomy-relations/browser.cjs	D	yes	Referenced V6/activation architecture and regression source/fixtures/evidence
prototypes/knowledge-atlas-v6/tests/taxonomy-relations/console.txt	D	yes	Referenced V6/activation architecture and regression source/fixtures/evidence
prototypes/knowledge-atlas-v6/tests/taxonomy-relations/interaction-results.json	D	yes	Referenced V6/activation architecture and regression source/fixtures/evidence
prototypes/knowledge-atlas-v6/tests/taxonomy-relations/interactions.cjs	D	yes	Referenced V6/activation architecture and regression source/fixtures/evidence
prototypes/knowledge-atlas-v6/tests/taxonomy-relations/path-results.json	D	yes	Referenced V6/activation architecture and regression source/fixtures/evidence
prototypes/knowledge-atlas-v6/tests/taxonomy-relations/preserved-after.json	D	yes	Referenced V6/activation architecture and regression source/fixtures/evidence
prototypes/knowledge-atlas-v6/tests/taxonomy-relations/preserved-before.json	D	yes	Referenced V6/activation architecture and regression source/fixtures/evidence
prototypes/knowledge-atlas-v6/tests/taxonomy-relations/smoke.cjs	D	yes	Referenced V6/activation architecture and regression source/fixtures/evidence
prototypes/knowledge-atlas-v6/tests/test-console.txt	D	yes	Referenced V6/activation architecture and regression source/fixtures/evidence
prototypes/knowledge-atlas-v6/tests/tray-console.txt	D	yes	Referenced V6/activation architecture and regression source/fixtures/evidence
prototypes/knowledge-atlas-v6/tests/tray-results.json	D	yes	Referenced V6/activation architecture and regression source/fixtures/evidence
prototypes/knowledge-atlas-v6/tests/trays.cjs	D	yes	Referenced V6/activation architecture and regression source/fixtures/evidence
prototypes/knowledge-atlas-v6/tests/v6-before-boxed/app.js	D	yes	Referenced V6/activation architecture and regression source/fixtures/evidence
prototypes/knowledge-atlas-v6/tests/v6-before-boxed/browser.cjs	D	yes	Referenced V6/activation architecture and regression source/fixtures/evidence
prototypes/knowledge-atlas-v6/tests/v6-before-boxed/index.html	D	yes	Referenced V6/activation architecture and regression source/fixtures/evidence
prototypes/knowledge-atlas-v6/tests/v6-before-boxed/layout-checkpoint.json	D	yes	Referenced V6/activation architecture and regression source/fixtures/evidence
prototypes/knowledge-atlas-v6/tests/v6-before-boxed/layout.js	D	yes	Referenced V6/activation architecture and regression source/fixtures/evidence
prototypes/knowledge-atlas-v6/tests/v6-before-boxed/model.json	D	yes	Referenced V6/activation architecture and regression source/fixtures/evidence
prototypes/knowledge-atlas-v6/tests/v6-before-boxed/results.json	D	yes	Referenced V6/activation architecture and regression source/fixtures/evidence
prototypes/knowledge-atlas-v6/tests/v6-before-boxed/routing.js	D	yes	Referenced V6/activation architecture and regression source/fixtures/evidence
prototypes/knowledge-atlas-v6/tests/v6-before-boxed/style.css	D	yes	Referenced V6/activation architecture and regression source/fixtures/evidence
prototypes/knowledge-atlas-v6/tests/v6.1-baseline/ARCHITECTURE.md	D	yes	Referenced V6/activation architecture and regression source/fixtures/evidence
prototypes/knowledge-atlas-v6/tests/v6.1-baseline/VALIDATION.md	D	yes	Referenced V6/activation architecture and regression source/fixtures/evidence
prototypes/knowledge-atlas-v6/tests/v6.1-baseline/app.js	D	yes	Referenced V6/activation architecture and regression source/fixtures/evidence
prototypes/knowledge-atlas-v6/tests/v6.1-baseline/boxed-results.json	D	yes	Referenced V6/activation architecture and regression source/fixtures/evidence
prototypes/knowledge-atlas-v6/tests/v6.1-baseline/index.html	D	yes	Referenced V6/activation architecture and regression source/fixtures/evidence
prototypes/knowledge-atlas-v6/tests/v6.1-baseline/layout-checkpoint.json	D	yes	Referenced V6/activation architecture and regression source/fixtures/evidence
prototypes/knowledge-atlas-v6/tests/v6.1-baseline/layout-checkpoint.schema.json	D	yes	Referenced V6/activation architecture and regression source/fixtures/evidence
prototypes/knowledge-atlas-v6/tests/v6.1-baseline/layout.js	D	yes	Referenced V6/activation architecture and regression source/fixtures/evidence
prototypes/knowledge-atlas-v6/tests/v6.1-baseline/model.json	D	yes	Referenced V6/activation architecture and regression source/fixtures/evidence
prototypes/knowledge-atlas-v6/tests/v6.1-baseline/readability-results.json	D	yes	Referenced V6/activation architecture and regression source/fixtures/evidence
prototypes/knowledge-atlas-v6/tests/v6.1-baseline/relation-results.json	D	yes	Referenced V6/activation architecture and regression source/fixtures/evidence
prototypes/knowledge-atlas-v6/tests/v6.1-baseline/results.json	D	yes	Referenced V6/activation architecture and regression source/fixtures/evidence
prototypes/knowledge-atlas-v6/tests/v6.1-baseline/routing.js	D	yes	Referenced V6/activation architecture and regression source/fixtures/evidence
prototypes/knowledge-atlas-v6/tests/v6.1-baseline/style.css	D	yes	Referenced V6/activation architecture and regression source/fixtures/evidence
prototypes/knowledge-atlas-v6/tests/v6.2-baseline/ARCHITECTURE.md	D	yes	Referenced V6/activation architecture and regression source/fixtures/evidence
prototypes/knowledge-atlas-v6/tests/v6.2-baseline/VALIDATION.md	D	yes	Referenced V6/activation architecture and regression source/fixtures/evidence
prototypes/knowledge-atlas-v6/tests/v6.2-baseline/app.js	D	yes	Referenced V6/activation architecture and regression source/fixtures/evidence
prototypes/knowledge-atlas-v6/tests/v6.2-baseline/boxed-results.json	D	yes	Referenced V6/activation architecture and regression source/fixtures/evidence
prototypes/knowledge-atlas-v6/tests/v6.2-baseline/compaction-results.json	D	yes	Referenced V6/activation architecture and regression source/fixtures/evidence
prototypes/knowledge-atlas-v6/tests/v6.2-baseline/index.html	D	yes	Referenced V6/activation architecture and regression source/fixtures/evidence
prototypes/knowledge-atlas-v6/tests/v6.2-baseline/layout-checkpoint.json	D	yes	Referenced V6/activation architecture and regression source/fixtures/evidence
prototypes/knowledge-atlas-v6/tests/v6.2-baseline/layout-checkpoint.schema.json	D	yes	Referenced V6/activation architecture and regression source/fixtures/evidence
prototypes/knowledge-atlas-v6/tests/v6.2-baseline/layout.js	D	yes	Referenced V6/activation architecture and regression source/fixtures/evidence
prototypes/knowledge-atlas-v6/tests/v6.2-baseline/model.json	D	yes	Referenced V6/activation architecture and regression source/fixtures/evidence
prototypes/knowledge-atlas-v6/tests/v6.2-baseline/optimization-results.json	D	yes	Referenced V6/activation architecture and regression source/fixtures/evidence
prototypes/knowledge-atlas-v6/tests/v6.2-baseline/readability-results.json	D	yes	Referenced V6/activation architecture and regression source/fixtures/evidence
prototypes/knowledge-atlas-v6/tests/v6.2-baseline/results.json	D	yes	Referenced V6/activation architecture and regression source/fixtures/evidence
prototypes/knowledge-atlas-v6/tests/v6.2-baseline/routing.js	D	yes	Referenced V6/activation architecture and regression source/fixtures/evidence
prototypes/knowledge-atlas-v6/tests/v6.2-baseline/style.css	D	yes	Referenced V6/activation architecture and regression source/fixtures/evidence
prototypes/knowledge-atlas-v6/tests/v6.3-baseline/ARCHITECTURE.md	D	yes	Referenced V6/activation architecture and regression source/fixtures/evidence
prototypes/knowledge-atlas-v6/tests/v6.3-baseline/VALIDATION.md	D	yes	Referenced V6/activation architecture and regression source/fixtures/evidence
prototypes/knowledge-atlas-v6/tests/v6.3-baseline/app.js	D	yes	Referenced V6/activation architecture and regression source/fixtures/evidence
prototypes/knowledge-atlas-v6/tests/v6.3-baseline/boxed-results.json	D	yes	Referenced V6/activation architecture and regression source/fixtures/evidence
prototypes/knowledge-atlas-v6/tests/v6.3-baseline/compaction-results.json	D	yes	Referenced V6/activation architecture and regression source/fixtures/evidence
prototypes/knowledge-atlas-v6/tests/v6.3-baseline/index.html	D	yes	Referenced V6/activation architecture and regression source/fixtures/evidence
prototypes/knowledge-atlas-v6/tests/v6.3-baseline/layout-checkpoint.json	D	yes	Referenced V6/activation architecture and regression source/fixtures/evidence
prototypes/knowledge-atlas-v6/tests/v6.3-baseline/layout-checkpoint.schema.json	D	yes	Referenced V6/activation architecture and regression source/fixtures/evidence
prototypes/knowledge-atlas-v6/tests/v6.3-baseline/layout.js	D	yes	Referenced V6/activation architecture and regression source/fixtures/evidence
prototypes/knowledge-atlas-v6/tests/v6.3-baseline/model.js	D	yes	Referenced V6/activation architecture and regression source/fixtures/evidence
prototypes/knowledge-atlas-v6/tests/v6.3-baseline/model.json	D	yes	Referenced V6/activation architecture and regression source/fixtures/evidence
prototypes/knowledge-atlas-v6/tests/v6.3-baseline/readability-results.json	D	yes	Referenced V6/activation architecture and regression source/fixtures/evidence
prototypes/knowledge-atlas-v6/tests/v6.3-baseline/results.json	D	yes	Referenced V6/activation architecture and regression source/fixtures/evidence
prototypes/knowledge-atlas-v6/tests/v6.3-baseline/routing.js	D	yes	Referenced V6/activation architecture and regression source/fixtures/evidence
prototypes/knowledge-atlas-v6/tests/v6.3-baseline/style.css	D	yes	Referenced V6/activation architecture and regression source/fixtures/evidence
prototypes/knowledge-atlas-v6/tests/v6.3-baseline/tray-results.json	D	yes	Referenced V6/activation architecture and regression source/fixtures/evidence
prototypes/knowledge-atlas-v6/tests/v6.6-preserved-sha256.txt	D	yes	Referenced V6/activation architecture and regression source/fixtures/evidence
prototypes/knowledge-atlas-v6/tests/viewport-console.txt	D	yes	Referenced V6/activation architecture and regression source/fixtures/evidence
prototypes/knowledge-atlas-v6/tests/viewport-interaction-results.json	D	yes	Referenced V6/activation architecture and regression source/fixtures/evidence
prototypes/knowledge-atlas-v6/tests/viewport-interactions.cjs	D	yes	Referenced V6/activation architecture and regression source/fixtures/evidence
prototypes/knowledge-atlas-v6/tests/viewport-results.json	D	yes	Referenced V6/activation architecture and regression source/fixtures/evidence
prototypes/knowledge-atlas-v6/tests/viewport.cjs	D	yes	Referenced V6/activation architecture and regression source/fixtures/evidence
prototypes/knowledge-global-v3/ARCHITECTURE.md	E	no	Older independent graph/layout experiments; no active dependency found
prototypes/knowledge-global-v3/VALIDATION.md	E	no	Older independent graph/layout experiments; no active dependency found
prototypes/knowledge-global-v3/__pycache__/build.cpython-314.pyc	F	no	Ignored machine-local metadata/cache/lock
prototypes/knowledge-global-v3/app.js	E	no	Older independent graph/layout experiments; no active dependency found
prototypes/knowledge-global-v3/build.py	E	no	Older independent graph/layout experiments; no active dependency found
prototypes/knowledge-global-v3/index.html	E	no	Older independent graph/layout experiments; no active dependency found
prototypes/knowledge-global-v3/model.json	E	no	Older independent graph/layout experiments; no active dependency found
prototypes/knowledge-global-v3/style.css	E	no	Older independent graph/layout experiments; no active dependency found
prototypes/knowledge-global-v3/test_browser.cjs	E	no	Older independent graph/layout experiments; no active dependency found
prototypes/knowledge-global-v3/test_model.py	E	no	Older independent graph/layout experiments; no active dependency found
prototypes/knowledge-hierarchy-layout/ARCHITECTURE.md	E	no	Older independent graph/layout experiments; no active dependency found
prototypes/knowledge-hierarchy-layout/VALIDATION.md	E	no	Older independent graph/layout experiments; no active dependency found
prototypes/knowledge-hierarchy-layout/app.js	E	no	Older independent graph/layout experiments; no active dependency found
prototypes/knowledge-hierarchy-layout/index.html	E	no	Older independent graph/layout experiments; no active dependency found
prototypes/knowledge-hierarchy-layout/model.json	E	no	Older independent graph/layout experiments; no active dependency found
prototypes/knowledge-hierarchy-layout/style.css	E	no	Older independent graph/layout experiments; no active dependency found
prototypes/knowledge-hierarchy-layout/tests/browser-results.json	E	no	Older independent graph/layout experiments; no active dependency found
prototypes/knowledge-hierarchy-layout/tests/browser.cjs	E	no	Older independent graph/layout experiments; no active dependency found
prototypes/knowledge-hierarchy-layout/tests/build_model.py	E	no	Older independent graph/layout experiments; no active dependency found
prototypes/knowledge-hierarchy-layout/tests/desktop-1440-overview.png	E	no	Older independent graph/layout experiments; no active dependency found
prototypes/knowledge-hierarchy-layout/tests/desktop-320-overview.png	E	no	Older independent graph/layout experiments; no active dependency found
prototypes/knowledge-hierarchy-layout/tests/desktop-390-overview.png	E	no	Older independent graph/layout experiments; no active dependency found
prototypes/knowledge-hierarchy-layout/tests/fixture-1000-1440.png	E	no	Older independent graph/layout experiments; no active dependency found
prototypes/knowledge-hierarchy-layout/tests/fixture-1000-320.png	E	no	Older independent graph/layout experiments; no active dependency found
prototypes/knowledge-hierarchy-layout/tests/fixture-1000-390.png	E	no	Older independent graph/layout experiments; no active dependency found
prototypes/knowledge-hierarchy-layout/tests/fixture-databases-1440.png	E	no	Older independent graph/layout experiments; no active dependency found
prototypes/knowledge-hierarchy-layout/tests/fixture-databases-320.png	E	no	Older independent graph/layout experiments; no active dependency found
prototypes/knowledge-hierarchy-layout/tests/fixture-databases-390.png	E	no	Older independent graph/layout experiments; no active dependency found
prototypes/knowledge-hierarchy-layout/tests/layout-results.json	E	no	Older independent graph/layout experiments; no active dependency found
prototypes/knowledge-hierarchy-layout/tests/layout.test.cjs	E	no	Older independent graph/layout experiments; no active dependency found
prototypes/knowledge-hierarchy-layout/tests/project-1440.png	E	no	Older independent graph/layout experiments; no active dependency found
prototypes/knowledge-hierarchy-layout/tests/project-320.png	E	no	Older independent graph/layout experiments; no active dependency found
prototypes/knowledge-hierarchy-layout/tests/project-390.png	E	no	Older independent graph/layout experiments; no active dependency found
prototypes/knowledge-hierarchy-layout/tests/scanner-1440.png	E	no	Older independent graph/layout experiments; no active dependency found
prototypes/knowledge-hierarchy-layout/tests/scanner-320.png	E	no	Older independent graph/layout experiments; no active dependency found
prototypes/knowledge-hierarchy-layout/tests/scanner-390.png	E	no	Older independent graph/layout experiments; no active dependency found
prototypes/knowledge-radial-v4/app.js	E	no	Older independent graph/layout experiments; no active dependency found
prototypes/knowledge-radial-v4/index.html	E	no	Older independent graph/layout experiments; no active dependency found
prototypes/knowledge-radial-v4/model.json	E	no	Older independent graph/layout experiments; no active dependency found
prototypes/knowledge-radial-v4/style.css	E	no	Older independent graph/layout experiments; no active dependency found
prototypes/knowledge-radial-v4/tests/1000-desktop.png	E	no	Older independent graph/layout experiments; no active dependency found
prototypes/knowledge-radial-v4/tests/1440-dark-for-loop.png	E	no	Older independent graph/layout experiments; no active dependency found
prototypes/knowledge-radial-v4/tests/1440-dark-overview.png	E	no	Older independent graph/layout experiments; no active dependency found
prototypes/knowledge-radial-v4/tests/1440-light-for-loop.png	E	no	Older independent graph/layout experiments; no active dependency found
prototypes/knowledge-radial-v4/tests/1440-light-overview.png	E	no	Older independent graph/layout experiments; no active dependency found
prototypes/knowledge-radial-v4/tests/1920-dark-overview.png	E	no	Older independent graph/layout experiments; no active dependency found
prototypes/knowledge-radial-v4/tests/1920-light-overview.png	E	no	Older independent graph/layout experiments; no active dependency found
prototypes/knowledge-radial-v4/tests/320-dark-for-loop.png	E	no	Older independent graph/layout experiments; no active dependency found
prototypes/knowledge-radial-v4/tests/320-dark-overview.png	E	no	Older independent graph/layout experiments; no active dependency found
prototypes/knowledge-radial-v4/tests/320-light-for-loop.png	E	no	Older independent graph/layout experiments; no active dependency found
prototypes/knowledge-radial-v4/tests/320-light-overview.png	E	no	Older independent graph/layout experiments; no active dependency found
prototypes/knowledge-radial-v4/tests/390-dark-for-loop.png	E	no	Older independent graph/layout experiments; no active dependency found
prototypes/knowledge-radial-v4/tests/390-dark-overview.png	E	no	Older independent graph/layout experiments; no active dependency found
prototypes/knowledge-radial-v4/tests/390-light-for-loop.png	E	no	Older independent graph/layout experiments; no active dependency found
prototypes/knowledge-radial-v4/tests/390-light-overview.png	E	no	Older independent graph/layout experiments; no active dependency found
prototypes/knowledge-radial-v4/tests/browser-results.json	E	no	Older independent graph/layout experiments; no active dependency found
prototypes/knowledge-radial-v4/tests/browser.cjs	E	no	Older independent graph/layout experiments; no active dependency found
prototypes/knowledge-radial-v4/tests/build_model.py	E	no	Older independent graph/layout experiments; no active dependency found
prototypes/knowledge-radial-v4/tests/bundling-1000-off.png	E	no	Older independent graph/layout experiments; no active dependency found
prototypes/knowledge-radial-v4/tests/bundling-1000-on.png	E	no	Older independent graph/layout experiments; no active dependency found
prototypes/knowledge-radial-v4/tests/bundling-300-off.png	E	no	Older independent graph/layout experiments; no active dependency found
prototypes/knowledge-radial-v4/tests/bundling-300-on.png	E	no	Older independent graph/layout experiments; no active dependency found
prototypes/knowledge-radial-v4/tests/databases-desktop.png	E	no	Older independent graph/layout experiments; no active dependency found
prototypes/knowledge-radial-v4/tests/debug-mobile.png	E	no	Older independent graph/layout experiments; no active dependency found
prototypes/knowledge-radial-v4/tests/first-desktop.png	E	no	Older independent graph/layout experiments; no active dependency found
prototypes/knowledge-radial-v4/tests/first-selected.png	E	no	Older independent graph/layout experiments; no active dependency found
prototypes/knowledge-radial-v4/tests/layout-results.json	E	no	Older independent graph/layout experiments; no active dependency found
prototypes/knowledge-radial-v4/tests/layout.test.cjs	E	no	Older independent graph/layout experiments; no active dependency found
prototypes/knowledge-radial-v4/tests/multi-desktop.png	E	no	Older independent graph/layout experiments; no active dependency found
prototypes/knowledge-radial-v4/tests/protected-manifest.json	E	no	Older independent graph/layout experiments; no active dependency found
prototypes/knowledge-tree-v5/ARCHITECTURE.md	E	no	Older independent graph/layout experiments; no active dependency found
prototypes/knowledge-tree-v5/HARDENING.md	E	no	Older independent graph/layout experiments; no active dependency found
prototypes/knowledge-tree-v5/VALIDATION.md	E	no	Older independent graph/layout experiments; no active dependency found
prototypes/knowledge-tree-v5/layout-slots.json	E	no	Older independent graph/layout experiments; no active dependency found
prototypes/knowledge-tree-v5/rebalance-layout.cjs	E	no	Older independent graph/layout experiments; no active dependency found
prototypes/knowledge-tree-v5/tests/1024-dark-overview.png	E	no	Older independent graph/layout experiments; no active dependency found
prototypes/knowledge-tree-v5/tests/1024-light-overview.png	E	no	Older independent graph/layout experiments; no active dependency found
prototypes/knowledge-tree-v5/tests/1200-dark-overview.png	E	no	Older independent graph/layout experiments; no active dependency found
prototypes/knowledge-tree-v5/tests/1200-light-overview.png	E	no	Older independent graph/layout experiments; no active dependency found
prototypes/knowledge-tree-v5/tests/1280-dark-overview.png	E	no	Older independent graph/layout experiments; no active dependency found
prototypes/knowledge-tree-v5/tests/1280-light-overview.png	E	no	Older independent graph/layout experiments; no active dependency found
prototypes/knowledge-tree-v5/tests/1440-dark-overview.png	E	no	Older independent graph/layout experiments; no active dependency found
prototypes/knowledge-tree-v5/tests/1440-dark-selected.png	E	no	Older independent graph/layout experiments; no active dependency found
prototypes/knowledge-tree-v5/tests/1440-light-overview.png	E	no	Older independent graph/layout experiments; no active dependency found
prototypes/knowledge-tree-v5/tests/1440-light-selected.png	E	no	Older independent graph/layout experiments; no active dependency found
prototypes/knowledge-tree-v5/tests/1920-dark-overview.png	E	no	Older independent graph/layout experiments; no active dependency found
prototypes/knowledge-tree-v5/tests/1920-light-overview.png	E	no	Older independent graph/layout experiments; no active dependency found
prototypes/knowledge-tree-v5/tests/320-dark-overview.png	E	no	Older independent graph/layout experiments; no active dependency found
prototypes/knowledge-tree-v5/tests/320-light-overview.png	E	no	Older independent graph/layout experiments; no active dependency found
prototypes/knowledge-tree-v5/tests/390-dark-overview.png	E	no	Older independent graph/layout experiments; no active dependency found
prototypes/knowledge-tree-v5/tests/390-dark-selected.png	E	no	Older independent graph/layout experiments; no active dependency found
prototypes/knowledge-tree-v5/tests/390-light-overview.png	E	no	Older independent graph/layout experiments; no active dependency found
prototypes/knowledge-tree-v5/tests/390-light-selected.png	E	no	Older independent graph/layout experiments; no active dependency found
prototypes/knowledge-tree-v5/tests/430-dark-overview.png	E	no	Older independent graph/layout experiments; no active dependency found
prototypes/knowledge-tree-v5/tests/430-light-overview.png	E	no	Older independent graph/layout experiments; no active dependency found
prototypes/knowledge-tree-v5/tests/768-dark-overview.png	E	no	Older independent graph/layout experiments; no active dependency found
prototypes/knowledge-tree-v5/tests/768-light-overview.png	E	no	Older independent graph/layout experiments; no active dependency found
prototypes/knowledge-tree-v5/tests/advanced-oop-overview.png	E	no	Older independent graph/layout experiments; no active dependency found
prototypes/knowledge-tree-v5/tests/advanced-oop.fixture.json	E	no	Older independent graph/layout experiments; no active dependency found
prototypes/knowledge-tree-v5/tests/basics-growth-overview.png	E	no	Older independent graph/layout experiments; no active dependency found
prototypes/knowledge-tree-v5/tests/basics-growth.fixture.json	E	no	Older independent graph/layout experiments; no active dependency found
prototypes/knowledge-tree-v5/tests/browser-results-v51.json	E	no	Older independent graph/layout experiments; no active dependency found
prototypes/knowledge-tree-v5/tests/browser-results.json	E	no	Older independent graph/layout experiments; no active dependency found
prototypes/knowledge-tree-v5/tests/browser.cjs	E	no	Older independent graph/layout experiments; no active dependency found
prototypes/knowledge-tree-v5/tests/contrast-results.json	E	no	Older independent graph/layout experiments; no active dependency found
prototypes/knowledge-tree-v5/tests/contrast.py	E	no	Older independent graph/layout experiments; no active dependency found
prototypes/knowledge-tree-v5/tests/default-bounds-results-v51.json	E	no	Older independent graph/layout experiments; no active dependency found
prototypes/knowledge-tree-v5/tests/default-bounds.cjs	E	no	Older independent graph/layout experiments; no active dependency found
prototypes/knowledge-tree-v5/tests/hardening/300-topics.fixture.json	E	no	Older independent graph/layout experiments; no active dependency found
prototypes/knowledge-tree-v5/tests/hardening/acceptance-results.json	E	no	Older independent graph/layout experiments; no active dependency found
prototypes/knowledge-tree-v5/tests/hardening/acceptance.cjs	E	no	Older independent graph/layout experiments; no active dependency found
prototypes/knowledge-tree-v5/tests/hardening/browser-results-v51.json	E	no	Older independent graph/layout experiments; no active dependency found
prototypes/knowledge-tree-v5/tests/hardening/browser-results.json	E	no	Older independent graph/layout experiments; no active dependency found
prototypes/knowledge-tree-v5/tests/hardening/browser.cjs	E	no	Older independent graph/layout experiments; no active dependency found
prototypes/knowledge-tree-v5/tests/hardening/checkpoint.schema.json	E	no	Older independent graph/layout experiments; no active dependency found
prototypes/knowledge-tree-v5/tests/hardening/density-results.json	E	no	Older independent graph/layout experiments; no active dependency found
prototypes/knowledge-tree-v5/tests/hardening/density.cjs	E	no	Older independent graph/layout experiments; no active dependency found
prototypes/knowledge-tree-v5/tests/hardening/layout-v51.js	E	no	Older independent graph/layout experiments; no active dependency found
prototypes/knowledge-tree-v5/tests/hardening/lifecycle-console.json	E	no	Older independent graph/layout experiments; no active dependency found
prototypes/knowledge-tree-v5/tests/hardening/lifecycle-results.json	E	no	Older independent graph/layout experiments; no active dependency found
prototypes/knowledge-tree-v5/tests/hardening/lifecycle.cjs	E	no	Older independent graph/layout experiments; no active dependency found
prototypes/knowledge-tree-v5/tests/hardening/mobile-320-overview.png	E	no	Older independent graph/layout experiments; no active dependency found
prototypes/knowledge-tree-v5/tests/hardening/mobile-390-overview.png	E	no	Older independent graph/layout experiments; no active dependency found
prototypes/knowledge-tree-v5/tests/hardening/mobile-430-overview.png	E	no	Older independent graph/layout experiments; no active dependency found
prototypes/knowledge-tree-v5/tests/hardening/projects.fixture.json	E	no	Older independent graph/layout experiments; no active dependency found
prototypes/knowledge-tree-v5/tests/hardening/protected-results.json	E	no	Older independent graph/layout experiments; no active dependency found
prototypes/knowledge-tree-v5/tests/hardening/report.py	E	no	Older independent graph/layout experiments; no active dependency found
prototypes/knowledge-tree-v5/tests/hardening/routing-results-v51.json	E	no	Older independent graph/layout experiments; no active dependency found
prototypes/knowledge-tree-v5/tests/hardening/runtime-sha256.json	E	no	Older independent graph/layout experiments; no active dependency found
prototypes/knowledge-tree-v5/tests/hardening/sequence.fixture.json	E	no	Older independent graph/layout experiments; no active dependency found
prototypes/knowledge-tree-v5/tests/hardening/v51-1024-dark-default.png	E	no	Older independent graph/layout experiments; no active dependency found
prototypes/knowledge-tree-v5/tests/hardening/v51-1024-light-default.png	E	no	Older independent graph/layout experiments; no active dependency found
prototypes/knowledge-tree-v5/tests/hardening/v51-1200-dark-default.png	E	no	Older independent graph/layout experiments; no active dependency found
prototypes/knowledge-tree-v5/tests/hardening/v51-1200-light-default.png	E	no	Older independent graph/layout experiments; no active dependency found
prototypes/knowledge-tree-v5/tests/hardening/v51-1280-dark-default.png	E	no	Older independent graph/layout experiments; no active dependency found
prototypes/knowledge-tree-v5/tests/hardening/v51-1280-light-default.png	E	no	Older independent graph/layout experiments; no active dependency found
prototypes/knowledge-tree-v5/tests/hardening/v51-1440-dark-default.png	E	no	Older independent graph/layout experiments; no active dependency found
prototypes/knowledge-tree-v5/tests/hardening/v51-1440-dark-selected.png	E	no	Older independent graph/layout experiments; no active dependency found
prototypes/knowledge-tree-v5/tests/hardening/v51-1440-light-default.png	E	no	Older independent graph/layout experiments; no active dependency found
prototypes/knowledge-tree-v5/tests/hardening/v51-1440-light-selected.png	E	no	Older independent graph/layout experiments; no active dependency found
prototypes/knowledge-tree-v5/tests/hardening/v51-1920-dark-default.png	E	no	Older independent graph/layout experiments; no active dependency found
prototypes/knowledge-tree-v5/tests/hardening/v51-1920-light-default.png	E	no	Older independent graph/layout experiments; no active dependency found
prototypes/knowledge-tree-v5/tests/hardening/v51-320-dark-default.png	E	no	Older independent graph/layout experiments; no active dependency found
prototypes/knowledge-tree-v5/tests/hardening/v51-320-light-default.png	E	no	Older independent graph/layout experiments; no active dependency found
prototypes/knowledge-tree-v5/tests/hardening/v51-390-dark-default.png	E	no	Older independent graph/layout experiments; no active dependency found
prototypes/knowledge-tree-v5/tests/hardening/v51-390-dark-selected.png	E	no	Older independent graph/layout experiments; no active dependency found
prototypes/knowledge-tree-v5/tests/hardening/v51-390-light-default.png	E	no	Older independent graph/layout experiments; no active dependency found
prototypes/knowledge-tree-v5/tests/hardening/v51-390-light-selected.png	E	no	Older independent graph/layout experiments; no active dependency found
prototypes/knowledge-tree-v5/tests/hardening/v51-430-dark-default.png	E	no	Older independent graph/layout experiments; no active dependency found
prototypes/knowledge-tree-v5/tests/hardening/v51-430-light-default.png	E	no	Older independent graph/layout experiments; no active dependency found
prototypes/knowledge-tree-v5/tests/hardening/v51-768-dark-default.png	E	no	Older independent graph/layout experiments; no active dependency found
prototypes/knowledge-tree-v5/tests/hardening/v51-768-light-default.png	E	no	Older independent graph/layout experiments; no active dependency found
prototypes/knowledge-tree-v5/tests/hardening/v51-advanced-oop-overview.png	E	no	Older independent graph/layout experiments; no active dependency found
prototypes/knowledge-tree-v5/tests/hardening/v51-basics-growth-overview.png	E	no	Older independent graph/layout experiments; no active dependency found
prototypes/knowledge-tree-v5/tests/hardening/v51-multi-course-overview.png	E	no	Older independent graph/layout experiments; no active dependency found
prototypes/knowledge-tree-v5/tests/hardening/v51-new-domain-overview.png	E	no	Older independent graph/layout experiments; no active dependency found
prototypes/knowledge-tree-v5/tests/hardening/v51-opacity-0.035.png	E	no	Older independent graph/layout experiments; no active dependency found
prototypes/knowledge-tree-v5/tests/hardening/v51-opacity-0.09.png	E	no	Older independent graph/layout experiments; no active dependency found
prototypes/knowledge-tree-v5/tests/hardening/v51-routing-cubic.png	E	no	Older independent graph/layout experiments; no active dependency found
prototypes/knowledge-tree-v5/tests/hardening/v51-routing-lanes.png	E	no	Older independent graph/layout experiments; no active dependency found
prototypes/knowledge-tree-v5/tests/hardening/v51-routing-quadratic.png	E	no	Older independent graph/layout experiments; no active dependency found
prototypes/knowledge-tree-v5/tests/incremental-results.json	E	no	Older independent graph/layout experiments; no active dependency found
prototypes/knowledge-tree-v5/tests/incremental.cjs	E	no	Older independent graph/layout experiments; no active dependency found
prototypes/knowledge-tree-v5/tests/integrity.py	E	no	Older independent graph/layout experiments; no active dependency found
prototypes/knowledge-tree-v5/tests/layout-results.json	E	no	Older independent graph/layout experiments; no active dependency found
prototypes/knowledge-tree-v5/tests/layout.cjs	E	no	Older independent graph/layout experiments; no active dependency found
prototypes/knowledge-tree-v5/tests/multi-course-overview.png	E	no	Older independent graph/layout experiments; no active dependency found
prototypes/knowledge-tree-v5/tests/multi-course.fixture.json	E	no	Older independent graph/layout experiments; no active dependency found
prototypes/knowledge-tree-v5/tests/new-domain-overview.png	E	no	Older independent graph/layout experiments; no active dependency found
prototypes/knowledge-tree-v5/tests/new-domain.fixture.json	E	no	Older independent graph/layout experiments; no active dependency found
prototypes/knowledge-tree-v5/tests/reference-v5-app.js	E	no	Older independent graph/layout experiments; no active dependency found
prototypes/knowledge-tree-v5/tests/release/app-before-coverage.js	C	no	Ignored historical disposable validation output; not an active input
prototypes/knowledge-tree-v5/tests/release/browser-console.txt	C	no	Ignored historical disposable validation output; not an active input
prototypes/knowledge-tree-v5/tests/release/browser-results.json	C	no	Ignored historical disposable validation output; not an active input
prototypes/knowledge-tree-v5/tests/release/commit-scope.txt	C	no	Ignored historical disposable validation output; not an active input
prototypes/knowledge-tree-v5/tests/release/contract-console.txt	C	no	Ignored historical disposable validation output; not an active input
prototypes/knowledge-tree-v5/tests/release/contract-results.json	C	no	Ignored historical disposable validation output; not an active input
prototypes/knowledge-tree-v5/tests/release/contracts-console.txt	C	no	Ignored historical disposable validation output; not an active input
prototypes/knowledge-tree-v5/tests/release/coverage-320-dark.png	C	no	Ignored historical disposable validation output; not an active input
prototypes/knowledge-tree-v5/tests/release/coverage-320-light.png	C	no	Ignored historical disposable validation output; not an active input
prototypes/knowledge-tree-v5/tests/release/coverage-390-dark.png	C	no	Ignored historical disposable validation output; not an active input
prototypes/knowledge-tree-v5/tests/release/coverage-390-light.png	C	no	Ignored historical disposable validation output; not an active input
prototypes/knowledge-tree-v5/tests/release/coverage-430-dark.png	C	no	Ignored historical disposable validation output; not an active input
prototypes/knowledge-tree-v5/tests/release/coverage-430-light.png	C	no	Ignored historical disposable validation output; not an active input
prototypes/knowledge-tree-v5/tests/release/coverage-console.txt	C	no	Ignored historical disposable validation output; not an active input
prototypes/knowledge-tree-v5/tests/release/coverage-results.json	C	no	Ignored historical disposable validation output; not an active input
prototypes/knowledge-tree-v5/tests/release/files-added.json	C	no	Ignored historical disposable validation output; not an active input
prototypes/knowledge-tree-v5/tests/release/git-status-before.txt	C	no	Ignored historical disposable validation output; not an active input
prototypes/knowledge-tree-v5/tests/release/performance-console.txt	C	no	Ignored historical disposable validation output; not an active input
prototypes/knowledge-tree-v5/tests/release/performance-results.json	C	no	Ignored historical disposable validation output; not an active input
prototypes/knowledge-tree-v5/tests/release/persistent-console.txt	C	no	Ignored historical disposable validation output; not an active input
prototypes/knowledge-tree-v5/tests/release/preview-1024-dark-default.png	C	no	Ignored historical disposable validation output; not an active input
prototypes/knowledge-tree-v5/tests/release/preview-1024-light-default.png	C	no	Ignored historical disposable validation output; not an active input
prototypes/knowledge-tree-v5/tests/release/preview-1200-dark-default.png	C	no	Ignored historical disposable validation output; not an active input
prototypes/knowledge-tree-v5/tests/release/preview-1200-light-default.png	C	no	Ignored historical disposable validation output; not an active input
prototypes/knowledge-tree-v5/tests/release/preview-1280-dark-default.png	C	no	Ignored historical disposable validation output; not an active input
prototypes/knowledge-tree-v5/tests/release/preview-1280-light-default.png	C	no	Ignored historical disposable validation output; not an active input
prototypes/knowledge-tree-v5/tests/release/preview-1440-dark-default.png	C	no	Ignored historical disposable validation output; not an active input
prototypes/knowledge-tree-v5/tests/release/preview-1440-dark-selected.png	C	no	Ignored historical disposable validation output; not an active input
prototypes/knowledge-tree-v5/tests/release/preview-1440-light-default.png	C	no	Ignored historical disposable validation output; not an active input
prototypes/knowledge-tree-v5/tests/release/preview-1440-light-selected.png	C	no	Ignored historical disposable validation output; not an active input
prototypes/knowledge-tree-v5/tests/release/preview-1920-dark-default.png	C	no	Ignored historical disposable validation output; not an active input
prototypes/knowledge-tree-v5/tests/release/preview-1920-light-default.png	C	no	Ignored historical disposable validation output; not an active input
prototypes/knowledge-tree-v5/tests/release/preview-320-dark-default.png	C	no	Ignored historical disposable validation output; not an active input
prototypes/knowledge-tree-v5/tests/release/preview-320-light-default.png	C	no	Ignored historical disposable validation output; not an active input
prototypes/knowledge-tree-v5/tests/release/preview-390-dark-default.png	C	no	Ignored historical disposable validation output; not an active input
prototypes/knowledge-tree-v5/tests/release/preview-390-dark-selected.png	C	no	Ignored historical disposable validation output; not an active input
prototypes/knowledge-tree-v5/tests/release/preview-390-light-default.png	C	no	Ignored historical disposable validation output; not an active input
prototypes/knowledge-tree-v5/tests/release/preview-390-light-selected.png	C	no	Ignored historical disposable validation output; not an active input
prototypes/knowledge-tree-v5/tests/release/preview-430-dark-default.png	C	no	Ignored historical disposable validation output; not an active input
prototypes/knowledge-tree-v5/tests/release/preview-430-light-default.png	C	no	Ignored historical disposable validation output; not an active input
prototypes/knowledge-tree-v5/tests/release/preview-768-dark-default.png	C	no	Ignored historical disposable validation output; not an active input
prototypes/knowledge-tree-v5/tests/release/preview-768-light-default.png	C	no	Ignored historical disposable validation output; not an active input
prototypes/knowledge-tree-v5/tests/release/preview-routing-lanes.png	C	no	Ignored historical disposable validation output; not an active input
prototypes/knowledge-tree-v5/tests/release/profile-readme-after.json	C	no	Ignored historical disposable validation output; not an active input
prototypes/knowledge-tree-v5/tests/release/protected-after.json	C	no	Ignored historical disposable validation output; not an active input
prototypes/knowledge-tree-v5/tests/release/public-assets-results.json	C	no	Ignored historical disposable validation output; not an active input
prototypes/knowledge-tree-v5/tests/release/public-browser-console.txt	C	no	Ignored historical disposable validation output; not an active input
prototypes/knowledge-tree-v5/tests/release/public-contracts-console.txt	C	no	Ignored historical disposable validation output; not an active input
prototypes/knowledge-tree-v5/tests/release/public-coverage-console.txt	C	no	Ignored historical disposable validation output; not an active input
prototypes/knowledge-tree-v5/tests/release/public-release-console.txt	C	no	Ignored historical disposable validation output; not an active input
prototypes/knowledge-tree-v5/tests/release/public-subpath-console.txt	C	no	Ignored historical disposable validation output; not an active input
prototypes/knowledge-tree-v5/tests/release/publication-results.json	C	no	Ignored historical disposable validation output; not an active input
prototypes/knowledge-tree-v5/tests/release/release-console.txt	C	no	Ignored historical disposable validation output; not an active input
prototypes/knowledge-tree-v5/tests/release/release-results.json	C	no	Ignored historical disposable validation output; not an active input
prototypes/knowledge-tree-v5/tests/release/rollup-console.txt	C	no	Ignored historical disposable validation output; not an active input
prototypes/knowledge-tree-v5/tests/release/rollup-results.json	C	no	Ignored historical disposable validation output; not an active input
prototypes/knowledge-tree-v5/tests/release/routing-console.txt	C	no	Ignored historical disposable validation output; not an active input
prototypes/knowledge-tree-v5/tests/release/routing-results.json	C	no	Ignored historical disposable validation output; not an active input
prototypes/knowledge-tree-v5/tests/release/source-after.json	C	no	Ignored historical disposable validation output; not an active input
prototypes/knowledge-tree-v5/tests/release/source-current.json	C	no	Ignored historical disposable validation output; not an active input
prototypes/knowledge-tree-v5/tests/release/style-before-coverage.css	C	no	Ignored historical disposable validation output; not an active input
prototypes/knowledge-tree-v5/tests/release/subpath-console.txt	C	no	Ignored historical disposable validation output; not an active input
prototypes/knowledge-tree-v5/tests/release/subpath-results.json	C	no	Ignored historical disposable validation output; not an active input
prototypes/knowledge-tree-v5/tests/routing-results-v51.json	E	no	Older independent graph/layout experiments; no active dependency found
prototypes/knowledge-tree-v5/tests/routing.cjs	E	no	Older independent graph/layout experiments; no active dependency found
prototypes/knowledge-tree-v5/tests/runtime-sha256-v51.json	E	no	Older independent graph/layout experiments; no active dependency found
prototypes/knowledge-tree-v5/tests/v51-1024-dark-default.png	E	no	Older independent graph/layout experiments; no active dependency found
prototypes/knowledge-tree-v5/tests/v51-1024-light-default.png	E	no	Older independent graph/layout experiments; no active dependency found
prototypes/knowledge-tree-v5/tests/v51-1200-dark-default.png	E	no	Older independent graph/layout experiments; no active dependency found
prototypes/knowledge-tree-v5/tests/v51-1200-light-default.png	E	no	Older independent graph/layout experiments; no active dependency found
prototypes/knowledge-tree-v5/tests/v51-1280-dark-default.png	E	no	Older independent graph/layout experiments; no active dependency found
prototypes/knowledge-tree-v5/tests/v51-1280-light-default.png	E	no	Older independent graph/layout experiments; no active dependency found
prototypes/knowledge-tree-v5/tests/v51-1440-dark-default.png	E	no	Older independent graph/layout experiments; no active dependency found
prototypes/knowledge-tree-v5/tests/v51-1440-dark-selected.png	E	no	Older independent graph/layout experiments; no active dependency found
prototypes/knowledge-tree-v5/tests/v51-1440-light-default.png	E	no	Older independent graph/layout experiments; no active dependency found
prototypes/knowledge-tree-v5/tests/v51-1440-light-selected.png	E	no	Older independent graph/layout experiments; no active dependency found
prototypes/knowledge-tree-v5/tests/v51-1920-dark-default.png	E	no	Older independent graph/layout experiments; no active dependency found
prototypes/knowledge-tree-v5/tests/v51-1920-light-default.png	E	no	Older independent graph/layout experiments; no active dependency found
prototypes/knowledge-tree-v5/tests/v51-320-dark-default.png	E	no	Older independent graph/layout experiments; no active dependency found
prototypes/knowledge-tree-v5/tests/v51-320-light-default.png	E	no	Older independent graph/layout experiments; no active dependency found
prototypes/knowledge-tree-v5/tests/v51-390-dark-default.png	E	no	Older independent graph/layout experiments; no active dependency found
prototypes/knowledge-tree-v5/tests/v51-390-dark-selected.png	E	no	Older independent graph/layout experiments; no active dependency found
prototypes/knowledge-tree-v5/tests/v51-390-light-default.png	E	no	Older independent graph/layout experiments; no active dependency found
prototypes/knowledge-tree-v5/tests/v51-390-light-selected.png	E	no	Older independent graph/layout experiments; no active dependency found
prototypes/knowledge-tree-v5/tests/v51-430-dark-default.png	E	no	Older independent graph/layout experiments; no active dependency found
prototypes/knowledge-tree-v5/tests/v51-430-light-default.png	E	no	Older independent graph/layout experiments; no active dependency found
prototypes/knowledge-tree-v5/tests/v51-768-dark-default.png	E	no	Older independent graph/layout experiments; no active dependency found
prototypes/knowledge-tree-v5/tests/v51-768-light-default.png	E	no	Older independent graph/layout experiments; no active dependency found
prototypes/knowledge-tree-v5/tests/v51-advanced-oop-overview.png	E	no	Older independent graph/layout experiments; no active dependency found
prototypes/knowledge-tree-v5/tests/v51-basics-growth-overview.png	E	no	Older independent graph/layout experiments; no active dependency found
prototypes/knowledge-tree-v5/tests/v51-multi-course-overview.png	E	no	Older independent graph/layout experiments; no active dependency found
prototypes/knowledge-tree-v5/tests/v51-new-domain-overview.png	E	no	Older independent graph/layout experiments; no active dependency found
prototypes/knowledge-tree-v5/tests/v51-opacity-0.035.png	E	no	Older independent graph/layout experiments; no active dependency found
prototypes/knowledge-tree-v5/tests/v51-opacity-0.09.png	E	no	Older independent graph/layout experiments; no active dependency found
prototypes/knowledge-tree-v5/tests/v51-routing-cubic.png	E	no	Older independent graph/layout experiments; no active dependency found
prototypes/knowledge-tree-v5/tests/v51-routing-lanes.png	E	no	Older independent graph/layout experiments; no active dependency found
prototypes/knowledge-tree-v5/tests/v51-routing-quadratic.png	E	no	Older independent graph/layout experiments; no active dependency found
prototypes/knowledge-tree-v5/tests/v52/acceptance-results.json	E	no	Older independent graph/layout experiments; no active dependency found
prototypes/knowledge-tree-v5/tests/v52/acceptance.cjs	E	no	Older independent graph/layout experiments; no active dependency found
prototypes/knowledge-tree-v5/tests/v52/browser-results-v52.json	E	no	Older independent graph/layout experiments; no active dependency found
prototypes/knowledge-tree-v5/tests/v52/browser-results.json	E	no	Older independent graph/layout experiments; no active dependency found
prototypes/knowledge-tree-v5/tests/v52/browser-v52.cjs	E	no	Older independent graph/layout experiments; no active dependency found
prototypes/knowledge-tree-v5/tests/v52/checkpoint-browser-results.json	E	no	Older independent graph/layout experiments; no active dependency found
prototypes/knowledge-tree-v5/tests/v52/checkpoint-browser.cjs	E	no	Older independent graph/layout experiments; no active dependency found
prototypes/knowledge-tree-v5/tests/v52/evidence-mobile.cjs	E	no	Older independent graph/layout experiments; no active dependency found
prototypes/knowledge-tree-v5/tests/v52/local-checkpoint.diff	E	no	Older independent graph/layout experiments; no active dependency found
prototypes/knowledge-tree-v5/tests/v52/local-checkpoint.json	E	no	Older independent graph/layout experiments; no active dependency found
prototypes/knowledge-tree-v5/tests/v52/migration-checkpoint.json	E	no	Older independent graph/layout experiments; no active dependency found
prototypes/knowledge-tree-v5/tests/v52/mobile-320-overview.png	E	no	Older independent graph/layout experiments; no active dependency found
prototypes/knowledge-tree-v5/tests/v52/mobile-390-overview.png	E	no	Older independent graph/layout experiments; no active dependency found
prototypes/knowledge-tree-v5/tests/v52/mobile-430-overview.png	E	no	Older independent graph/layout experiments; no active dependency found
prototypes/knowledge-tree-v5/tests/v52/persistent.cjs	E	no	Older independent graph/layout experiments; no active dependency found
prototypes/knowledge-tree-v5/tests/v52/results.json	E	no	Older independent graph/layout experiments; no active dependency found
prototypes/knowledge-tree-v5/tests/v52/routing-results-v52.json	E	no	Older independent graph/layout experiments; no active dependency found
prototypes/knowledge-tree-v5/tests/v52/routing-v52.cjs	E	no	Older independent graph/layout experiments; no active dependency found
prototypes/knowledge-tree-v5/tests/v52/sequence-checkpoint.json	E	no	Older independent graph/layout experiments; no active dependency found
prototypes/knowledge-tree-v5/tests/v52/sequence.fixture.json	E	no	Older independent graph/layout experiments; no active dependency found
prototypes/knowledge-tree-v5/tests/v52/test-console.txt	E	no	Older independent graph/layout experiments; no active dependency found
prototypes/knowledge-tree-v5/tests/v52/v52-1024-dark-default.png	E	no	Older independent graph/layout experiments; no active dependency found
prototypes/knowledge-tree-v5/tests/v52/v52-1024-light-default.png	E	no	Older independent graph/layout experiments; no active dependency found
prototypes/knowledge-tree-v5/tests/v52/v52-1200-dark-default.png	E	no	Older independent graph/layout experiments; no active dependency found
prototypes/knowledge-tree-v5/tests/v52/v52-1200-light-default.png	E	no	Older independent graph/layout experiments; no active dependency found
prototypes/knowledge-tree-v5/tests/v52/v52-1280-dark-default.png	E	no	Older independent graph/layout experiments; no active dependency found
prototypes/knowledge-tree-v5/tests/v52/v52-1280-light-default.png	E	no	Older independent graph/layout experiments; no active dependency found
prototypes/knowledge-tree-v5/tests/v52/v52-1440-dark-default.png	E	no	Older independent graph/layout experiments; no active dependency found
prototypes/knowledge-tree-v5/tests/v52/v52-1440-dark-selected.png	E	no	Older independent graph/layout experiments; no active dependency found
prototypes/knowledge-tree-v5/tests/v52/v52-1440-light-default.png	E	no	Older independent graph/layout experiments; no active dependency found
prototypes/knowledge-tree-v5/tests/v52/v52-1440-light-selected.png	E	no	Older independent graph/layout experiments; no active dependency found
prototypes/knowledge-tree-v5/tests/v52/v52-1920-dark-default.png	E	no	Older independent graph/layout experiments; no active dependency found
prototypes/knowledge-tree-v5/tests/v52/v52-1920-light-default.png	E	no	Older independent graph/layout experiments; no active dependency found
prototypes/knowledge-tree-v5/tests/v52/v52-320-dark-default.png	E	no	Older independent graph/layout experiments; no active dependency found
prototypes/knowledge-tree-v5/tests/v52/v52-320-light-default.png	E	no	Older independent graph/layout experiments; no active dependency found
prototypes/knowledge-tree-v5/tests/v52/v52-390-dark-default.png	E	no	Older independent graph/layout experiments; no active dependency found
prototypes/knowledge-tree-v5/tests/v52/v52-390-dark-selected.png	E	no	Older independent graph/layout experiments; no active dependency found
prototypes/knowledge-tree-v5/tests/v52/v52-390-light-default.png	E	no	Older independent graph/layout experiments; no active dependency found
prototypes/knowledge-tree-v5/tests/v52/v52-390-light-selected.png	E	no	Older independent graph/layout experiments; no active dependency found
prototypes/knowledge-tree-v5/tests/v52/v52-430-dark-default.png	E	no	Older independent graph/layout experiments; no active dependency found
prototypes/knowledge-tree-v5/tests/v52/v52-430-light-default.png	E	no	Older independent graph/layout experiments; no active dependency found
prototypes/knowledge-tree-v5/tests/v52/v52-768-dark-default.png	E	no	Older independent graph/layout experiments; no active dependency found
prototypes/knowledge-tree-v5/tests/v52/v52-768-light-default.png	E	no	Older independent graph/layout experiments; no active dependency found
prototypes/knowledge-tree-v5/tests/v52/v52-advanced-oop-overview.png	E	no	Older independent graph/layout experiments; no active dependency found
prototypes/knowledge-tree-v5/tests/v52/v52-basics-growth-overview.png	E	no	Older independent graph/layout experiments; no active dependency found
prototypes/knowledge-tree-v5/tests/v52/v52-multi-course-overview.png	E	no	Older independent graph/layout experiments; no active dependency found
prototypes/knowledge-tree-v5/tests/v52/v52-new-domain-overview.png	E	no	Older independent graph/layout experiments; no active dependency found
prototypes/knowledge-tree-v5/tests/v52/v52-opacity-0.035.png	E	no	Older independent graph/layout experiments; no active dependency found
prototypes/knowledge-tree-v5/tests/v52/v52-opacity-0.09.png	E	no	Older independent graph/layout experiments; no active dependency found
prototypes/knowledge-tree-v5/tests/v52/v52-routing-cubic.png	E	no	Older independent graph/layout experiments; no active dependency found
prototypes/knowledge-tree-v5/tests/v52/v52-routing-lanes.png	E	no	Older independent graph/layout experiments; no active dependency found
prototypes/knowledge-tree-v5/tests/v52/v52-routing-quadratic.png	E	no	Older independent graph/layout experiments; no active dependency found
prototypes/knowledge-v2/ARCHITECTURE.md	E	no	Older independent graph/layout experiments; no active dependency found
prototypes/knowledge-v2/README-summary.md	E	no	Older independent graph/layout experiments; no active dependency found
prototypes/knowledge-v2/VALIDATION.md	E	no	Older independent graph/layout experiments; no active dependency found
prototypes/knowledge-v2/__pycache__/build.cpython-314.pyc	F	no	Ignored machine-local metadata/cache/lock
prototypes/knowledge-v2/build.py	E	no	Older independent graph/layout experiments; no active dependency found
prototypes/knowledge-v2/capabilities.json	E	no	Older independent graph/layout experiments; no active dependency found
prototypes/knowledge-v2/display-map.json	E	no	Older independent graph/layout experiments; no active dependency found
prototypes/knowledge-v2/interactive-map/app.js	E	no	Older independent graph/layout experiments; no active dependency found
prototypes/knowledge-v2/interactive-map/index.html	E	no	Older independent graph/layout experiments; no active dependency found
prototypes/knowledge-v2/interactive-map/model.json	E	no	Older independent graph/layout experiments; no active dependency found
prototypes/knowledge-v2/interactive-map/style.css	E	no	Older independent graph/layout experiments; no active dependency found
prototypes/knowledge-v2/interactive-map/vendor/D3-LICENSE	E	no	Older independent graph/layout experiments; no active dependency found
prototypes/knowledge-v2/interactive-map/vendor/d3-7.9.0.min.js	E	no	Older independent graph/layout experiments; no active dependency found
prototypes/knowledge-v2/scaling-results.json	E	no	Older independent graph/layout experiments; no active dependency found
prototypes/knowledge-v2/test_browser.cjs	E	no	Older independent graph/layout experiments; no active dependency found
prototypes/knowledge-v2/test_model.py	E	no	Older independent graph/layout experiments; no active dependency found
prototypes/profile-knowledge-graph/ANALYSIS.md	E	no	Older independent graph/layout experiments; no active dependency found
prototypes/profile-knowledge-graph/README-prototype.md	E	no	Older independent graph/layout experiments; no active dependency found
prototypes/profile-knowledge-graph/README-render-notes.md	E	no	Older independent graph/layout experiments; no active dependency found
prototypes/profile-knowledge-graph/build.py	E	no	Older independent graph/layout experiments; no active dependency found
prototypes/profile-knowledge-graph/knowledge-dark-mobile.svg	E	no	Older independent graph/layout experiments; no active dependency found
prototypes/profile-knowledge-graph/knowledge-dark.svg	E	no	Older independent graph/layout experiments; no active dependency found
prototypes/profile-knowledge-graph/knowledge-light-mobile.svg	E	no	Older independent graph/layout experiments; no active dependency found
prototypes/profile-knowledge-graph/knowledge-light.svg	E	no	Older independent graph/layout experiments; no active dependency found
prototypes/profile-knowledge-graph/manifest.json	E	no	Older independent graph/layout experiments; no active dependency found
prototypes/profile-knowledge-graph/preview.html	E	no	Older independent graph/layout experiments; no active dependency found
prototypes/profile-knowledge-graph/relationships.mmd	E	no	Older independent graph/layout experiments; no active dependency found
prototypes/profile-knowledge-graph/render-validation.json	E	no	Older independent graph/layout experiments; no active dependency found
prototypes/profile-knowledge-graph/test_prototype.py	E	no	Older independent graph/layout experiments; no active dependency found
prototypes/profile-knowledge-graph/validate-browser.cjs	E	no	Older independent graph/layout experiments; no active dependency found
scripts/__pycache__/build-knowledge-graph.cpython-314.pyc	F	no	Ignored machine-local metadata/cache/lock
scripts/__pycache__/build-knowledge-map.cpython-314.pyc	F	no	Ignored machine-local metadata/cache/lock
scripts/dev-macos-check.sh	A	yes	Read-only macOS readiness report
scripts/knowledge_atlas/ARCHITECTURE-DECISION.md	B	yes	Current updater, architecture guard, runtime and required imports
scripts/knowledge_atlas/README.md	B	yes	Current updater, architecture guard, runtime and required imports
scripts/knowledge_atlas/activation.py	A	yes	Current updater, architecture guard, runtime and required imports
scripts/knowledge_atlas/activation_persistence.py	A	yes	Current updater, architecture guard, runtime and required imports
scripts/knowledge_atlas/adaptive_preview.py	A	yes	Current updater, architecture guard, runtime and required imports
scripts/knowledge_atlas/adaptive_runtime/app.js	A	yes	Current updater, architecture guard, runtime and required imports
scripts/knowledge_atlas/adaptive_runtime/index.html	A	yes	Current updater, architecture guard, runtime and required imports
scripts/knowledge_atlas/adaptive_runtime/style.css	A	yes	Current updater, architecture guard, runtime and required imports
scripts/knowledge_atlas/architecture.py	A	yes	Current updater, architecture guard, runtime and required imports
scripts/knowledge_atlas/build.py	A	yes	Current updater, architecture guard, runtime and required imports
scripts/knowledge_atlas/canonical.py	A	yes	Current updater, architecture guard, runtime and required imports
scripts/knowledge_atlas/canonical_activation.py	A	yes	Current updater, architecture guard, runtime and required imports
scripts/knowledge_atlas/canonical_runtime/app.js	A	yes	Current updater, architecture guard, runtime and required imports
scripts/knowledge_atlas/canonical_runtime/atlas.js	A	yes	Current updater, architecture guard, runtime and required imports
scripts/knowledge_atlas/canonical_runtime/authority-guard.js	A	yes	Current updater, architecture guard, runtime and required imports
scripts/knowledge_atlas/canonical_runtime/index.html	A	yes	Current updater, architecture guard, runtime and required imports
scripts/knowledge_atlas/canonical_runtime/labels.js	A	yes	Current updater, architecture guard, runtime and required imports
scripts/knowledge_atlas/canonical_runtime/style.css	A	yes	Current updater, architecture guard, runtime and required imports
scripts/knowledge_atlas/canonical_runtime/ux.js	A	yes	Current updater, architecture guard, runtime and required imports
scripts/knowledge_atlas/catalog.py	A	yes	Current updater, architecture guard, runtime and required imports
scripts/knowledge_atlas/catalog_projection.py	A	yes	Current updater, architecture guard, runtime and required imports
scripts/knowledge_atlas/layout_bridge.cjs	A	yes	Current updater, architecture guard, runtime and required imports
scripts/knowledge_atlas/package-lock.json	A	yes	Reproducible optional local browser dependency
scripts/knowledge_atlas/package.json	A	yes	Pinned optional browser validation dependency
scripts/knowledge_atlas/pipeline.py	A	yes	Current updater, architecture guard, runtime and required imports
scripts/knowledge_atlas/presentation/adaptive.cjs	A	yes	Current updater, architecture guard, runtime and required imports
scripts/knowledge_atlas/presentation/registry.cjs	A	yes	Current updater, architecture guard, runtime and required imports
scripts/knowledge_atlas/presentation/views.cjs	A	yes	Current updater, architecture guard, runtime and required imports
scripts/knowledge_atlas/report.py	A	yes	Current updater, architecture guard, runtime and required imports
scripts/knowledge_atlas/spatial_authorization.py	A	yes	Current updater, architecture guard, runtime and required imports
scripts/knowledge_atlas/state.py	A	yes	Current updater, architecture guard, runtime and required imports
scripts/knowledge_atlas/validate.py	A	yes	Current updater, architecture guard, runtime and required imports
scripts/tests/__pycache__/test_import.cpython-314.pyc	F	no	Ignored machine-local metadata/cache/lock
scripts/tests/__pycache__/test_knowledge_graph.cpython-314.pyc	F	no	Ignored machine-local metadata/cache/lock
scripts/tests/__pycache__/test_knowledge_map.cpython-314.pyc	F	no	Ignored machine-local metadata/cache/lock
scripts/update-knowledge-atlas.py	A	yes	Current updater, architecture guard, runtime and required imports
